checking_status,credit_amount,credit_history,duration
<0,1169.0,critical/other existing credit,6.0
0<=X<200,5951.0,existing paid,48.0
no checking,2096.0,critical/other existing credit,12.0
<0,7882.0,existing paid,42.0
<0,4870.0,delayed previously,24.0
no checking,9055.0,existing paid,36.0
no checking,2835.0,existing paid,24.0
0<=X<200,6948.0,existing paid,36.0
no checking,3059.0,existing paid,12.0
0<=X<200,5234.0,critical/other existing credit,30.0
0<=X<200,1295.0,existing paid,12.0
<0,4308.0,existing paid,48.0
0<=X<200,1567.0,existing paid,12.0
<0,1199.0,critical/other existing credit,24.0
<0,1403.0,existing paid,15.0
<0,1282.0,existing paid,24.0
no checking,2424.0,critical/other existing credit,24.0
<0,8072.0,no credits/all paid,30.0
0<=X<200,12579.0,existing paid,24.0
no checking,3430.0,existing paid,24.0
no checking,2134.0,critical/other existing credit,9.0
<0,2647.0,existing paid,6.0
<0,2241.0,critical/other existing credit,10.0
0<=X<200,1804.0,critical/other existing credit,12.0
no checking,2069.0,critical/other existing credit,10.0
<0,1374.0,existing paid,6.0
no checking,426.0,no credits/all paid,6.0
>=200,409.0,all paid,12.0
0<=X<200,2415.0,existing paid,7.0
<0,6836.0,delayed previously,60.0
0<=X<200,1913.0,existing paid,18.0
<0,4020.0,existing paid,24.0
0<=X<200,5866.0,existing paid,18.0
no checking,1264.0,critical/other existing credit,12.0
>=200,1474.0,existing paid,12.0
0<=X<200,4746.0,critical/other existing credit,45.0
no checking,6110.0,critical/other existing credit,48.0
>=200,2100.0,existing paid,18.0
>=200,1225.0,existing paid,10.0
0<=X<200,458.0,existing paid,9.0
no checking,2333.0,existing paid,30.0
0<=X<200,1158.0,existing paid,12.0
0<=X<200,6204.0,delayed previously,18.0
<0,6187.0,critical/other existing credit,30.0
<0,6143.0,critical/other existing credit,48.0
no checking,1393.0,critical/other existing credit,11.0
no checking,2299.0,existing paid,36.0
<0,1352.0,existing paid,6.0
no checking,7228.0,critical/other existing credit,11.0
no checking,2073.0,existing paid,12.0
0<=X<200,2333.0,delayed previously,24.0
0<=X<200,5965.0,delayed previously,27.0
no checking,1262.0,existing paid,12.0
no checking,3378.0,existing paid,18.0
0<=X<200,2225.0,delayed previously,36.0
no checking,783.0,all paid,6.0
0<=X<200,6468.0,existing paid,12.0
no checking,9566.0,critical/other existing credit,36.0
>=200,1961.0,existing paid,18.0
<0,6229.0,critical/other existing credit,36.0
0<=X<200,1391.0,existing paid,9.0
0<=X<200,1537.0,critical/other existing credit,15.0
0<=X<200,1953.0,no credits/all paid,36.0
0<=X<200,14421.0,no credits/all paid,48.0
no checking,3181.0,existing paid,24.0
no checking,5190.0,existing paid,27.0
no checking,2171.0,existing paid,12.0
0<=X<200,1007.0,existing paid,12.0
no checking,1819.0,existing paid,36.0
no checking,2394.0,existing paid,36.0
no checking,8133.0,existing paid,36.0
no checking,730.0,critical/other existing credit,7.0
<0,1164.0,critical/other existing credit,8.0
0<=X<200,5954.0,critical/other existing credit,42.0
<0,1977.0,existing paid,36.0
<0,1526.0,critical/other existing credit,12.0
<0,3965.0,existing paid,42.0
0<=X<200,4771.0,delayed previously,11.0
no checking,9436.0,no credits/all paid,54.0
0<=X<200,3832.0,existing paid,30.0
no checking,5943.0,existing paid,24.0
no checking,1213.0,existing paid,15.0
no checking,1568.0,existing paid,18.0
<0,1755.0,existing paid,24.0
<0,2315.0,existing paid,10.0
no checking,1412.0,critical/other existing credit,12.0
0<=X<200,1295.0,critical/other existing credit,18.0
0<=X<200,12612.0,existing paid,36.0
<0,2249.0,existing paid,18.0
<0,1108.0,no credits/all paid,12.0
no checking,618.0,critical/other existing credit,12.0
<0,1409.0,critical/other existing credit,12.0
no checking,797.0,critical/other existing credit,12.0
>=200,3617.0,critical/other existing credit,24.0
0<=X<200,1318.0,existing paid,12.0
0<=X<200,15945.0,no credits/all paid,54.0
no checking,2012.0,critical/other existing credit,12.0
0<=X<200,2622.0,existing paid,18.0
0<=X<200,2337.0,critical/other existing credit,36.0
0<=X<200,7057.0,delayed previously,20.0
no checking,1469.0,existing paid,24.0
0<=X<200,2323.0,existing paid,36.0
no checking,932.0,delayed previously,6.0
0<=X<200,1919.0,critical/other existing credit,9.0
no checking,2445.0,existing paid,12.0
0<=X<200,11938.0,critical/other existing credit,24.0
no checking,6458.0,all paid,18.0
0<=X<200,6078.0,existing paid,12.0
<0,7721.0,existing paid,24.0
0<=X<200,1410.0,existing paid,14.0
0<=X<200,1449.0,delayed previously,6.0
>=200,392.0,existing paid,15.0
0<=X<200,6260.0,existing paid,18.0
no checking,7855.0,critical/other existing credit,36.0
<0,1680.0,existing paid,12.0
no checking,3578.0,critical/other existing credit,48.0
<0,7174.0,existing paid,42.0
<0,2132.0,critical/other existing credit,10.0
<0,4281.0,critical/other existing credit,33.0
0<=X<200,2366.0,critical/other existing credit,12.0
<0,1835.0,existing paid,21.0
no checking,3868.0,critical/other existing credit,24.0
no checking,1768.0,existing paid,12.0
>=200,781.0,critical/other existing credit,10.0
0<=X<200,1924.0,existing paid,18.0
<0,2121.0,critical/other existing credit,12.0
<0,701.0,existing paid,12.0
0<=X<200,639.0,existing paid,12.0
0<=X<200,1860.0,critical/other existing credit,12.0
<0,3499.0,critical/other existing credit,12.0
0<=X<200,8487.0,existing paid,48.0
<0,6887.0,delayed previously,36.0
no checking,2708.0,existing paid,15.0
no checking,1984.0,existing paid,18.0
no checking,10144.0,existing paid,60.0
no checking,1240.0,critical/other existing credit,12.0
no checking,8613.0,delayed previously,27.0
0<=X<200,766.0,existing paid,12.0
0<=X<200,2728.0,critical/other existing credit,15.0
>=200,1881.0,existing paid,12.0
>=200,709.0,existing paid,6.0
0<=X<200,4795.0,existing paid,36.0
<0,3416.0,existing paid,27.0
<0,2462.0,existing paid,18.0
no checking,2288.0,critical/other existing credit,21.0
0<=X<200,3566.0,all paid,48.0
<0,860.0,critical/other existing credit,6.0
no checking,682.0,critical/other existing credit,12.0
<0,5371.0,critical/other existing credit,36.0
no checking,1582.0,critical/other existing credit,18.0
no checking,1346.0,existing paid,6.0
no checking,1924.0,existing paid,10.0
>=200,5848.0,existing paid,36.0
0<=X<200,7758.0,critical/other existing credit,24.0
0<=X<200,6967.0,delayed previously,24.0
<0,1282.0,existing paid,12.0
<0,1288.0,critical/other existing credit,9.0
<0,339.0,all paid,12.0
0<=X<200,3512.0,existing paid,24.0
no checking,1898.0,critical/other existing credit,6.0
no checking,2872.0,critical/other existing credit,24.0
no checking,1055.0,critical/other existing credit,18.0
no checking,1262.0,existing paid,15.0
0<=X<200,7308.0,existing paid,10.0
no checking,909.0,existing paid,36.0
no checking,2978.0,existing paid,6.0
<0,1131.0,existing paid,18.0
0<=X<200,1577.0,existing paid,11.0
no checking,3972.0,existing paid,24.0
0<=X<200,1935.0,critical/other existing credit,24.0
<0,950.0,no credits/all paid,15.0
no checking,763.0,existing paid,12.0
0<=X<200,2064.0,delayed previously,24.0
0<=X<200,1414.0,existing paid,8.0
<0,3414.0,delayed previously,21.0
no checking,7485.0,all paid,30.0
<0,2577.0,existing paid,12.0
<0,338.0,critical/other existing credit,6.0
no checking,1963.0,existing paid,12.0
<0,571.0,critical/other existing credit,21.0
no checking,9572.0,delayed previously,36.0
0<=X<200,4455.0,delayed previously,36.0
<0,1647.0,all paid,21.0
no checking,3777.0,critical/other existing credit,24.0
0<=X<200,884.0,critical/other existing credit,18.0
no checking,1360.0,critical/other existing credit,15.0
0<=X<200,5129.0,all paid,9.0
0<=X<200,1175.0,critical/other existing credit,16.0
<0,674.0,existing paid,12.0
0<=X<200,3244.0,no credits/all paid,18.0
no checking,4591.0,existing paid,24.0
0<=X<200,3844.0,no credits/all paid,48.0
0<=X<200,3915.0,existing paid,27.0
no checking,2108.0,existing paid,6.0
0<=X<200,3031.0,existing paid,45.0
0<=X<200,1501.0,critical/other existing credit,9.0
no checking,1382.0,critical/other existing credit,6.0
0<=X<200,951.0,existing paid,12.0
0<=X<200,2760.0,existing paid,24.0
0<=X<200,4297.0,delayed previously,18.0
no checking,936.0,critical/other existing credit,9.0
<0,1168.0,existing paid,12.0
no checking,5117.0,delayed previously,27.0
<0,902.0,existing paid,12.0
no checking,1495.0,critical/other existing credit,12.0
<0,10623.0,critical/other existing credit,30.0
no checking,1935.0,critical/other existing credit,12.0
0<=X<200,1424.0,critical/other existing credit,12.0
<0,6568.0,existing paid,24.0
no checking,1413.0,existing paid,12.0
no checking,3074.0,critical/other existing credit,9.0
no checking,3835.0,existing paid,36.0
<0,5293.0,no credits/all paid,27.0
>=200,1908.0,delayed previously,30.0
no checking,3342.0,critical/other existing credit,36.0
0<=X<200,932.0,critical/other existing credit,6.0
<0,3104.0,no credits/all paid,18.0
>=200,3913.0,existing paid,36.0
<0,3021.0,existing paid,24.0
no checking,1364.0,existing paid,10.0
0<=X<200,625.0,existing paid,12.0
<0,1200.0,existing paid,12.0
no checking,707.0,existing paid,12.0
no checking,2978.0,delayed previously,24.0
no checking,4657.0,existing paid,15.0
no checking,2613.0,no credits/all paid,36.0
0<=X<200,10961.0,existing paid,48.0
<0,7865.0,existing paid,12.0
no checking,1478.0,existing paid,9.0
<0,3149.0,existing paid,24.0
>=200,4210.0,existing paid,36.0
no checking,2507.0,existing paid,9.0
no checking,2141.0,existing paid,12.0
0<=X<200,866.0,existing paid,18.0
no checking,1544.0,critical/other existing credit,4.0
<0,1823.0,existing paid,24.0
0<=X<200,14555.0,existing paid,6.0
0<=X<200,2767.0,existing paid,21.0
no checking,1291.0,critical/other existing credit,12.0
<0,2522.0,existing paid,30.0
<0,915.0,existing paid,24.0
no checking,1595.0,existing paid,6.0
<0,4605.0,no credits/all paid,48.0
no checking,1185.0,critical/other existing credit,12.0
no checking,3447.0,all paid,12.0
no checking,1258.0,existing paid,24.0
no checking,717.0,critical/other existing credit,12.0
no checking,1204.0,no credits/all paid,6.0
>=200,1925.0,existing paid,24.0
no checking,433.0,existing paid,18.0
<0,666.0,critical/other existing credit,6.0
>=200,2251.0,existing paid,12.0
0<=X<200,2150.0,existing paid,30.0
no checking,4151.0,delayed previously,24.0
0<=X<200,2030.0,existing paid,9.0
0<=X<200,7418.0,delayed previously,60.0
no checking,2684.0,critical/other existing credit,24.0
<0,2149.0,all paid,12.0
no checking,3812.0,existing paid,15.0
no checking,1154.0,critical/other existing credit,11.0
<0,1657.0,existing paid,12.0
<0,1603.0,existing paid,24.0
<0,5302.0,critical/other existing credit,18.0
no checking,2748.0,critical/other existing credit,12.0
no checking,1231.0,critical/other existing credit,10.0
0<=X<200,802.0,existing paid,15.0
no checking,6304.0,critical/other existing credit,36.0
no checking,1533.0,existing paid,24.0
<0,8978.0,existing paid,14.0
no checking,999.0,existing paid,24.0
no checking,2662.0,existing paid,18.0
no checking,1402.0,critical/other existing credit,12.0
0<=X<200,12169.0,all paid,48.0
0<=X<200,3060.0,existing paid,48.0
<0,11998.0,existing paid,30.0
no checking,2697.0,existing paid,9.0
no checking,2404.0,critical/other existing credit,18.0
<0,1262.0,existing paid,12.0
no checking,4611.0,existing paid,6.0
no checking,1901.0,existing paid,24.0
no checking,3368.0,critical/other existing credit,15.0
no checking,1574.0,existing paid,12.0
>=200,1445.0,all paid,18.0
no checking,1520.0,critical/other existing credit,15.0
0<=X<200,3878.0,critical/other existing credit,24.0
<0,10722.0,existing paid,47.0
<0,4788.0,existing paid,48.0
0<=X<200,7582.0,delayed previously,48.0
0<=X<200,1092.0,existing paid,12.0
<0,1024.0,delayed previously,24.0
no checking,1076.0,existing paid,12.0
0<=X<200,9398.0,existing paid,36.0
<0,6419.0,critical/other existing credit,24.0
>=200,4796.0,critical/other existing credit,42.0
no checking,7629.0,critical/other existing credit,48.0
0<=X<200,9960.0,existing paid,48.0
no checking,4675.0,existing paid,12.0
no checking,1287.0,existing paid,10.0
no checking,2515.0,existing paid,18.0
0<=X<200,2745.0,critical/other existing credit,21.0
no checking,672.0,existing paid,6.0
0<=X<200,3804.0,no credits/all paid,36.0
>=200,1344.0,critical/other existing credit,24.0
<0,1038.0,critical/other existing credit,10.0
no checking,10127.0,critical/other existing credit,48.0
no checking,1543.0,existing paid,6.0
no checking,4811.0,existing paid,30.0
<0,727.0,existing paid,12.0
0<=X<200,1237.0,existing paid,8.0
0<=X<200,276.0,existing paid,9.0
0<=X<200,5381.0,existing paid,48.0
no checking,5511.0,existing paid,24.0
>=200,3749.0,existing paid,24.0
0<=X<200,685.0,existing paid,12.0
>=200,1494.0,existing paid,4.0
<0,2746.0,all paid,36.0
<0,708.0,existing paid,12.0
0<=X<200,4351.0,existing paid,24.0
no checking,701.0,critical/other existing credit,12.0
<0,3643.0,delayed previously,15.0
0<=X<200,4249.0,critical/other existing credit,30.0
<0,1938.0,existing paid,24.0
<0,2910.0,existing paid,24.0
<0,2659.0,existing paid,18.0
no checking,1028.0,critical/other existing credit,18.0
<0,3398.0,critical/other existing credit,8.0
no checking,5801.0,critical/other existing credit,12.0
no checking,1525.0,existing paid,24.0
>=200,4473.0,existing paid,36.0
0<=X<200,1068.0,existing paid,6.0
<0,6615.0,critical/other existing credit,24.0
no checking,1864.0,critical/other existing credit,18.0
0<=X<200,7408.0,existing paid,60.0
no checking,11590.0,critical/other existing credit,48.0
<0,4110.0,no credits/all paid,24.0
<0,3384.0,critical/other existing credit,6.0
0<=X<200,2101.0,existing paid,13.0
<0,1275.0,existing paid,15.0
<0,4169.0,existing paid,24.0
0<=X<200,1521.0,existing paid,10.0
0<=X<200,5743.0,critical/other existing credit,24.0
<0,3599.0,existing paid,21.0
0<=X<200,3213.0,existing paid,18.0
0<=X<200,4439.0,existing paid,18.0
>=200,3949.0,existing paid,10.0
no checking,1459.0,critical/other existing credit,15.0
0<=X<200,882.0,critical/other existing credit,13.0
0<=X<200,3758.0,existing paid,24.0
no checking,1743.0,delayed previously,6.0
0<=X<200,1136.0,critical/other existing credit,9.0
no checking,1236.0,existing paid,9.0
0<=X<200,959.0,existing paid,9.0
no checking,3229.0,critical/other existing credit,18.0
<0,6199.0,no credits/all paid,12.0
no checking,727.0,existing paid,10.0
0<=X<200,1246.0,existing paid,24.0
no checking,2331.0,critical/other existing credit,12.0
no checking,4463.0,delayed previously,36.0
no checking,776.0,existing paid,12.0
<0,2406.0,existing paid,30.0
0<=X<200,1239.0,existing paid,18.0
>=200,3399.0,existing paid,12.0
>=200,2247.0,delayed previously,12.0
no checking,1766.0,existing paid,6.0
<0,2473.0,existing paid,18.0
no checking,1542.0,existing paid,12.0
no checking,3850.0,critical/other existing credit,18.0
<0,3650.0,existing paid,18.0
<0,3446.0,existing paid,36.0
0<=X<200,3001.0,existing paid,18.0
no checking,3079.0,existing paid,36.0
no checking,6070.0,critical/other existing credit,18.0
no checking,2146.0,critical/other existing credit,10.0
no checking,13756.0,critical/other existing credit,60.0
0<=X<200,14782.0,all paid,60.0
<0,7685.0,all paid,48.0
no checking,2320.0,delayed previously,18.0
no checking,846.0,delayed previously,7.0
0<=X<200,14318.0,existing paid,36.0
no checking,362.0,critical/other existing credit,6.0
<0,2212.0,existing paid,20.0
0<=X<200,12976.0,existing paid,18.0
no checking,1283.0,existing paid,22.0
>=200,1330.0,existing paid,12.0
no checking,4272.0,delayed previously,30.0
no checking,2238.0,critical/other existing credit,18.0
no checking,1126.0,existing paid,18.0
0<=X<200,7374.0,critical/other existing credit,18.0
0<=X<200,2326.0,critical/other existing credit,15.0
no checking,1449.0,existing paid,9.0
no checking,1820.0,existing paid,18.0
0<=X<200,983.0,existing paid,12.0
<0,3249.0,existing paid,36.0
<0,1957.0,critical/other existing credit,6.0
no checking,2406.0,critical/other existing credit,9.0
0<=X<200,11760.0,delayed previously,39.0
<0,2578.0,existing paid,12.0
<0,2348.0,critical/other existing credit,36.0
0<=X<200,1223.0,existing paid,12.0
no checking,1516.0,critical/other existing credit,24.0
no checking,1473.0,existing paid,18.0
0<=X<200,1887.0,critical/other existing credit,18.0
no checking,8648.0,delayed previously,24.0
no checking,802.0,delayed previously,14.0
0<=X<200,2899.0,delayed previously,18.0
0<=X<200,2039.0,existing paid,24.0
no checking,2197.0,critical/other existing credit,24.0
<0,1053.0,existing paid,15.0
no checking,3235.0,existing paid,24.0
>=200,939.0,critical/other existing credit,12.0
0<=X<200,1967.0,existing paid,24.0
no checking,7253.0,critical/other existing credit,33.0
no checking,2292.0,critical/other existing credit,12.0
no checking,1597.0,existing paid,10.0
<0,1381.0,existing paid,24.0
no checking,5842.0,critical/other existing credit,36.0
<0,2579.0,existing paid,12.0
<0,8471.0,delayed previously,18.0
no checking,2782.0,existing paid,21.0
0<=X<200,1042.0,existing paid,18.0
no checking,3186.0,existing paid,15.0
0<=X<200,2028.0,existing paid,12.0
0<=X<200,958.0,critical/other existing credit,12.0
no checking,1591.0,delayed previously,21.0
0<=X<200,2762.0,existing paid,12.0
0<=X<200,2779.0,existing paid,18.0
no checking,2743.0,critical/other existing credit,28.0
no checking,1149.0,critical/other existing credit,18.0
no checking,1313.0,existing paid,9.0
<0,1190.0,critical/other existing credit,18.0
no checking,3448.0,existing paid,5.0
0<=X<200,11328.0,existing paid,24.0
<0,1872.0,critical/other existing credit,6.0
no checking,2058.0,critical/other existing credit,24.0
<0,2136.0,existing paid,9.0
0<=X<200,1484.0,existing paid,12.0
no checking,660.0,existing paid,6.0
no checking,1287.0,critical/other existing credit,24.0
<0,3394.0,critical/other existing credit,42.0
>=200,609.0,all paid,12.0
no checking,1884.0,existing paid,12.0
<0,1620.0,existing paid,12.0
0<=X<200,2629.0,delayed previously,20.0
no checking,719.0,existing paid,12.0
0<=X<200,5096.0,critical/other existing credit,48.0
no checking,1244.0,critical/other existing credit,9.0
<0,1842.0,existing paid,36.0
0<=X<200,2576.0,existing paid,7.0
>=200,1424.0,existing paid,12.0
0<=X<200,1512.0,delayed previously,15.0
no checking,11054.0,critical/other existing credit,36.0
no checking,518.0,existing paid,6.0
no checking,2759.0,no credits/all paid,12.0
no checking,2670.0,existing paid,24.0
<0,4817.0,existing paid,24.0
no checking,2679.0,existing paid,24.0
<0,3905.0,critical/other existing credit,11.0
<0,3386.0,existing paid,12.0
<0,343.0,existing paid,6.0
no checking,4594.0,existing paid,18.0
<0,3620.0,existing paid,36.0
<0,1721.0,existing paid,15.0
0<=X<200,3017.0,existing paid,12.0
0<=X<200,754.0,existing paid,12.0
no checking,1950.0,existing paid,18.0
<0,2924.0,existing paid,24.0
<0,1659.0,delayed previously,24.0
no checking,7238.0,delayed previously,48.0
no checking,2764.0,delayed previously,33.0
no checking,4679.0,delayed previously,24.0
0<=X<200,3092.0,existing paid,24.0
<0,448.0,existing paid,6.0
<0,654.0,existing paid,9.0
no checking,1238.0,existing paid,6.0
0<=X<200,1245.0,critical/other existing credit,18.0
<0,3114.0,no credits/all paid,18.0
no checking,2569.0,existing paid,39.0
>=200,5152.0,existing paid,24.0
0<=X<200,1037.0,existing paid,12.0
<0,1478.0,critical/other existing credit,15.0
0<=X<200,3573.0,critical/other existing credit,12.0
0<=X<200,1201.0,existing paid,24.0
<0,3622.0,existing paid,30.0
no checking,960.0,delayed previously,15.0
no checking,1163.0,critical/other existing credit,12.0
0<=X<200,1209.0,delayed previously,6.0
no checking,3077.0,existing paid,12.0
no checking,3757.0,existing paid,24.0
no checking,1418.0,existing paid,10.0
no checking,3518.0,existing paid,6.0
no checking,1934.0,critical/other existing credit,12.0
0<=X<200,8318.0,no credits/all paid,27.0
no checking,1237.0,critical/other existing credit,6.0
0<=X<200,368.0,existing paid,6.0
<0,2122.0,critical/other existing credit,12.0
<0,2996.0,existing paid,24.0
0<=X<200,9034.0,existing paid,36.0
no checking,1585.0,critical/other existing credit,24.0
0<=X<200,1301.0,existing paid,18.0
>=200,1323.0,critical/other existing credit,6.0
<0,3123.0,existing paid,24.0
<0,5493.0,existing paid,36.0
>=200,1126.0,existing paid,9.0
0<=X<200,1216.0,critical/other existing credit,24.0
<0,1207.0,existing paid,24.0
no checking,1309.0,existing paid,10.0
>=200,2360.0,critical/other existing credit,15.0
0<=X<200,6850.0,all paid,15.0
no checking,1413.0,existing paid,24.0
no checking,8588.0,existing paid,39.0
<0,759.0,existing paid,12.0
no checking,4686.0,existing paid,36.0
>=200,2687.0,existing paid,15.0
0<=X<200,585.0,delayed previously,12.0
no checking,2255.0,existing paid,24.0
<0,609.0,critical/other existing credit,6.0
<0,1361.0,critical/other existing credit,6.0
no checking,7127.0,critical/other existing credit,36.0
<0,1203.0,existing paid,6.0
no checking,700.0,critical/other existing credit,6.0
no checking,5507.0,critical/other existing credit,24.0
<0,3190.0,existing paid,18.0
<0,7119.0,no credits/all paid,48.0
no checking,3488.0,existing paid,24.0
0<=X<200,1113.0,existing paid,18.0
0<=X<200,7966.0,existing paid,26.0
no checking,1532.0,critical/other existing credit,15.0
no checking,1503.0,critical/other existing credit,4.0
<0,2302.0,existing paid,36.0
<0,662.0,existing paid,6.0
0<=X<200,2273.0,existing paid,36.0
0<=X<200,2631.0,existing paid,15.0
no checking,1503.0,delayed previously,12.0
no checking,1311.0,existing paid,24.0
no checking,3105.0,existing paid,24.0
>=200,2319.0,critical/other existing credit,21.0
<0,1374.0,existing paid,6.0
0<=X<200,3612.0,critical/other existing credit,18.0
<0,7763.0,existing paid,48.0
>=200,3049.0,existing paid,18.0
0<=X<200,1534.0,existing paid,12.0
no checking,2032.0,delayed previously,24.0
<0,6350.0,existing paid,30.0
>=200,2864.0,existing paid,18.0
no checking,1255.0,critical/other existing credit,12.0
<0,1333.0,delayed previously,24.0
no checking,2022.0,critical/other existing credit,24.0
no checking,1552.0,existing paid,24.0
<0,626.0,all paid,12.0
no checking,8858.0,critical/other existing credit,48.0
no checking,996.0,critical/other existing credit,12.0
no checking,1750.0,all paid,6.0
<0,6999.0,existing paid,48.0
0<=X<200,1995.0,critical/other existing credit,12.0
0<=X<200,1199.0,existing paid,9.0
0<=X<200,1331.0,existing paid,12.0
0<=X<200,2278.0,no credits/all paid,18.0
no checking,5003.0,no credits/all paid,21.0
<0,3552.0,all paid,24.0
0<=X<200,1928.0,critical/other existing credit,18.0
<0,2964.0,existing paid,24.0
<0,1546.0,all paid,24.0
>=200,683.0,delayed previously,6.0
0<=X<200,12389.0,existing paid,36.0
0<=X<200,4712.0,delayed previously,24.0
0<=X<200,1553.0,delayed previously,24.0
<0,1372.0,existing paid,12.0
no checking,2578.0,critical/other existing credit,24.0
0<=X<200,3979.0,existing paid,48.0
<0,6758.0,existing paid,48.0
<0,3234.0,existing paid,24.0
no checking,5954.0,critical/other existing credit,30.0
no checking,5433.0,existing paid,24.0
<0,806.0,existing paid,15.0
0<=X<200,1082.0,existing paid,9.0
no checking,2788.0,critical/other existing credit,15.0
0<=X<200,2930.0,existing paid,12.0
no checking,1927.0,critical/other existing credit,24.0
0<=X<200,2820.0,critical/other existing credit,36.0
no checking,937.0,existing paid,24.0
0<=X<200,1056.0,critical/other existing credit,18.0
0<=X<200,3124.0,critical/other existing credit,12.0
no checking,1388.0,existing paid,9.0
0<=X<200,2384.0,existing paid,36.0
no checking,2133.0,existing paid,12.0
<0,2039.0,existing paid,18.0
<0,2799.0,critical/other existing credit,9.0
<0,1289.0,existing paid,12.0
<0,1217.0,existing paid,18.0
<0,2246.0,critical/other existing credit,12.0
<0,385.0,critical/other existing credit,12.0
0<=X<200,1965.0,delayed previously,24.0
no checking,1572.0,existing paid,21.0
0<=X<200,2718.0,existing paid,24.0
<0,1358.0,all paid,24.0
0<=X<200,931.0,all paid,6.0
<0,1442.0,existing paid,24.0
0<=X<200,4241.0,no credits/all paid,24.0
no checking,2775.0,critical/other existing credit,18.0
no checking,3863.0,delayed previously,24.0
0<=X<200,2329.0,existing paid,7.0
0<=X<200,918.0,existing paid,9.0
0<=X<200,1837.0,all paid,24.0
no checking,3349.0,existing paid,36.0
>=200,1275.0,existing paid,10.0
<0,2828.0,all paid,24.0
no checking,4526.0,critical/other existing credit,24.0
0<=X<200,2671.0,existing paid,36.0
no checking,2051.0,existing paid,18.0
no checking,1300.0,existing paid,15.0
<0,741.0,existing paid,12.0
>=200,1240.0,existing paid,10.0
<0,3357.0,existing paid,21.0
<0,3632.0,all paid,24.0
no checking,1808.0,delayed previously,18.0
0<=X<200,12204.0,no credits/all paid,48.0
0<=X<200,9157.0,delayed previously,60.0
<0,3676.0,critical/other existing credit,6.0
0<=X<200,3441.0,existing paid,30.0
no checking,640.0,existing paid,12.0
0<=X<200,3652.0,critical/other existing credit,21.0
no checking,1530.0,critical/other existing credit,18.0
no checking,3914.0,existing paid,48.0
<0,1858.0,existing paid,12.0
<0,2600.0,existing paid,18.0
no checking,1979.0,existing paid,15.0
>=200,2116.0,existing paid,6.0
0<=X<200,1437.0,all paid,9.0
no checking,4042.0,critical/other existing credit,42.0
no checking,3832.0,existing paid,9.0
<0,3660.0,existing paid,24.0
<0,1553.0,all paid,18.0
0<=X<200,1444.0,existing paid,15.0
no checking,1980.0,existing paid,9.0
0<=X<200,1355.0,existing paid,24.0
no checking,1393.0,existing paid,12.0
no checking,1376.0,existing paid,24.0
no checking,15653.0,delayed previously,60.0
no checking,1493.0,existing paid,12.0
<0,4370.0,delayed previously,42.0
<0,750.0,existing paid,18.0
0<=X<200,1308.0,existing paid,15.0
no checking,4623.0,existing paid,15.0
no checking,1851.0,critical/other existing credit,24.0
<0,1880.0,critical/other existing credit,18.0
no checking,7980.0,delayed previously,36.0
<0,4583.0,no credits/all paid,30.0
no checking,1386.0,existing paid,12.0
>=200,947.0,existing paid,24.0
<0,684.0,existing paid,12.0
<0,7476.0,existing paid,48.0
0<=X<200,1922.0,existing paid,12.0
<0,2303.0,existing paid,24.0
0<=X<200,8086.0,delayed previously,36.0
no checking,2346.0,critical/other existing credit,24.0
<0,3973.0,existing paid,14.0
0<=X<200,888.0,existing paid,12.0
no checking,10222.0,existing paid,48.0
0<=X<200,4221.0,no credits/all paid,30.0
0<=X<200,6361.0,critical/other existing credit,18.0
>=200,1297.0,existing paid,12.0
<0,900.0,existing paid,12.0
no checking,2241.0,existing paid,21.0
0<=X<200,1050.0,delayed previously,6.0
>=200,1047.0,critical/other existing credit,6.0
no checking,6314.0,critical/other existing credit,24.0
0<=X<200,3496.0,all paid,30.0
no checking,3609.0,all paid,48.0
<0,4843.0,critical/other existing credit,12.0
>=200,3017.0,critical/other existing credit,30.0
no checking,4139.0,critical/other existing credit,24.0
no checking,5742.0,existing paid,36.0
no checking,10366.0,existing paid,60.0
no checking,2080.0,critical/other existing credit,6.0
no checking,2580.0,delayed previously,21.0
no checking,4530.0,critical/other existing credit,30.0
no checking,5150.0,critical/other existing credit,24.0
0<=X<200,5595.0,existing paid,72.0
<0,2384.0,existing paid,24.0
no checking,1453.0,existing paid,18.0
no checking,1538.0,existing paid,6.0
no checking,2279.0,existing paid,12.0
no checking,1478.0,delayed previously,15.0
no checking,5103.0,critical/other existing credit,24.0
0<=X<200,9857.0,delayed previously,36.0
no checking,6527.0,existing paid,60.0
>=200,1347.0,critical/other existing credit,10.0
0<=X<200,2862.0,delayed previously,36.0
no checking,2753.0,existing paid,9.0
<0,3651.0,existing paid,12.0
<0,975.0,critical/other existing credit,15.0
0<=X<200,2631.0,existing paid,15.0
0<=X<200,2896.0,existing paid,24.0
<0,4716.0,critical/other existing credit,6.0
no checking,2284.0,existing paid,24.0
no checking,1236.0,existing paid,6.0
0<=X<200,1103.0,existing paid,12.0
no checking,926.0,critical/other existing credit,12.0
no checking,1800.0,critical/other existing credit,18.0
>=200,1905.0,existing paid,15.0
no checking,1123.0,existing paid,12.0
<0,6331.0,critical/other existing credit,48.0
>=200,1377.0,existing paid,24.0
0<=X<200,2503.0,delayed previously,30.0
0<=X<200,2528.0,existing paid,27.0
no checking,5324.0,existing paid,15.0
0<=X<200,6560.0,existing paid,48.0
0<=X<200,2969.0,no credits/all paid,12.0
0<=X<200,1206.0,existing paid,9.0
0<=X<200,2118.0,existing paid,9.0
no checking,629.0,critical/other existing credit,18.0
<0,1198.0,all paid,6.0
no checking,2476.0,existing paid,21.0
<0,1138.0,critical/other existing credit,9.0
0<=X<200,14027.0,existing paid,60.0
no checking,7596.0,critical/other existing credit,30.0
no checking,3077.0,critical/other existing credit,30.0
no checking,1505.0,existing paid,18.0
>=200,3148.0,critical/other existing credit,24.0
0<=X<200,6148.0,no credits/all paid,20.0
>=200,1337.0,no credits/all paid,9.0
0<=X<200,433.0,all paid,6.0
<0,1228.0,existing paid,12.0
0<=X<200,790.0,existing paid,9.0
no checking,2570.0,existing paid,27.0
no checking,250.0,critical/other existing credit,6.0
no checking,1316.0,critical/other existing credit,15.0
<0,1882.0,existing paid,18.0
0<=X<200,6416.0,all paid,48.0
>=200,1275.0,critical/other existing credit,24.0
0<=X<200,6403.0,delayed previously,24.0
<0,1987.0,existing paid,24.0
0<=X<200,760.0,existing paid,8.0
no checking,2603.0,existing paid,24.0
no checking,3380.0,critical/other existing credit,4.0
0<=X<200,3990.0,all paid,36.0
0<=X<200,11560.0,existing paid,24.0
<0,4380.0,existing paid,18.0
no checking,6761.0,critical/other existing credit,6.0
0<=X<200,4280.0,no credits/all paid,30.0
<0,2325.0,all paid,24.0
0<=X<200,1048.0,all paid,10.0
no checking,3160.0,existing paid,21.0
<0,2483.0,all paid,24.0
<0,14179.0,critical/other existing credit,39.0
<0,1797.0,critical/other existing credit,13.0
<0,2511.0,existing paid,15.0
<0,1274.0,existing paid,12.0
no checking,5248.0,existing paid,21.0
no checking,3029.0,existing paid,15.0
<0,428.0,existing paid,6.0
<0,976.0,existing paid,18.0
0<=X<200,841.0,existing paid,12.0
no checking,5771.0,critical/other existing credit,30.0
no checking,1555.0,delayed previously,12.0
<0,1285.0,existing paid,24.0
>=200,1299.0,critical/other existing credit,6.0
>=200,1271.0,critical/other existing credit,15.0
no checking,1393.0,existing paid,24.0
<0,691.0,critical/other existing credit,12.0
no checking,5045.0,critical/other existing credit,15.0
<0,2124.0,critical/other existing credit,18.0
<0,2214.0,existing paid,12.0
no checking,12680.0,critical/other existing credit,21.0
no checking,2463.0,critical/other existing credit,24.0
0<=X<200,1155.0,existing paid,12.0
<0,3108.0,existing paid,30.0
no checking,2901.0,existing paid,10.0
0<=X<200,3617.0,critical/other existing credit,12.0
no checking,1655.0,critical/other existing credit,12.0
<0,2812.0,existing paid,24.0
<0,8065.0,critical/other existing credit,36.0
no checking,3275.0,critical/other existing credit,21.0
no checking,2223.0,critical/other existing credit,24.0
>=200,1480.0,critical/other existing credit,12.0
<0,1371.0,existing paid,24.0
no checking,3535.0,critical/other existing credit,36.0
<0,3509.0,existing paid,18.0
no checking,5711.0,critical/other existing credit,36.0
0<=X<200,3872.0,existing paid,18.0
0<=X<200,4933.0,critical/other existing credit,39.0
no checking,1940.0,critical/other existing credit,24.0
0<=X<200,1410.0,no credits/all paid,12.0
0<=X<200,836.0,existing paid,12.0
0<=X<200,6468.0,existing paid,20.0
0<=X<200,1941.0,existing paid,18.0
no checking,2675.0,existing paid,22.0
no checking,2751.0,critical/other existing credit,48.0
0<=X<200,6224.0,delayed previously,48.0
<0,5998.0,critical/other existing credit,40.0
0<=X<200,1188.0,existing paid,21.0
no checking,6313.0,existing paid,24.0
no checking,1221.0,critical/other existing credit,6.0
>=200,2892.0,existing paid,24.0
no checking,3062.0,existing paid,24.0
no checking,2301.0,existing paid,9.0
<0,7511.0,existing paid,18.0
no checking,1258.0,critical/other existing credit,12.0
no checking,717.0,delayed previously,24.0
0<=X<200,1549.0,existing paid,9.0
no checking,1597.0,critical/other existing credit,24.0
0<=X<200,1795.0,critical/other existing credit,18.0
<0,4272.0,critical/other existing credit,20.0
no checking,976.0,critical/other existing credit,12.0
0<=X<200,7472.0,existing paid,12.0
<0,9271.0,existing paid,36.0
0<=X<200,590.0,existing paid,6.0
no checking,930.0,critical/other existing credit,12.0
0<=X<200,9283.0,all paid,42.0
0<=X<200,1778.0,no credits/all paid,15.0
0<=X<200,907.0,existing paid,8.0
0<=X<200,484.0,existing paid,6.0
<0,9629.0,critical/other existing credit,36.0
<0,3051.0,existing paid,48.0
<0,3931.0,existing paid,48.0
0<=X<200,7432.0,delayed previously,36.0
no checking,1338.0,existing paid,6.0
no checking,1554.0,critical/other existing credit,6.0
<0,15857.0,existing paid,36.0
<0,1345.0,existing paid,18.0
no checking,1101.0,existing paid,12.0
>=200,3016.0,existing paid,12.0
<0,2712.0,existing paid,36.0
<0,731.0,critical/other existing credit,8.0
no checking,3780.0,critical/other existing credit,18.0
<0,1602.0,critical/other existing credit,21.0
<0,3966.0,critical/other existing credit,18.0
no checking,4165.0,no credits/all paid,18.0
<0,8335.0,existing paid,36.0
0<=X<200,6681.0,delayed previously,48.0
no checking,2375.0,delayed previously,24.0
<0,1216.0,existing paid,18.0
<0,11816.0,no credits/all paid,45.0
0<=X<200,5084.0,existing paid,24.0
>=200,2327.0,existing paid,15.0
<0,1082.0,no credits/all paid,12.0
no checking,886.0,existing paid,12.0
no checking,601.0,existing paid,4.0
<0,2957.0,critical/other existing credit,24.0
no checking,2611.0,critical/other existing credit,24.0
<0,5179.0,existing paid,36.0
no checking,2993.0,delayed previously,21.0
no checking,1943.0,existing paid,18.0
no checking,1559.0,all paid,24.0
no checking,3422.0,existing paid,18.0
0<=X<200,3976.0,existing paid,21.0
no checking,6761.0,existing paid,18.0
no checking,1249.0,existing paid,24.0
<0,1364.0,existing paid,9.0
<0,709.0,existing paid,12.0
<0,2235.0,critical/other existing credit,20.0
no checking,4042.0,critical/other existing credit,24.0
no checking,1471.0,critical/other existing credit,15.0
<0,1442.0,all paid,18.0
no checking,10875.0,delayed previously,36.0
no checking,1474.0,existing paid,24.0
no checking,894.0,existing paid,10.0
no checking,3343.0,critical/other existing credit,15.0
<0,3959.0,existing paid,15.0
no checking,3577.0,existing paid,9.0
no checking,5804.0,critical/other existing credit,24.0
no checking,2169.0,delayed previously,18.0
<0,2439.0,existing paid,24.0
no checking,4526.0,critical/other existing credit,27.0
no checking,2210.0,existing paid,10.0
no checking,2221.0,existing paid,15.0
<0,2389.0,existing paid,18.0
no checking,3331.0,critical/other existing credit,12.0
no checking,7409.0,existing paid,36.0
<0,652.0,existing paid,12.0
no checking,7678.0,delayed previously,36.0
>=200,1343.0,critical/other existing credit,6.0
<0,1382.0,critical/other existing credit,24.0
no checking,874.0,existing paid,15.0
<0,3590.0,existing paid,12.0
0<=X<200,1322.0,critical/other existing credit,11.0
<0,1940.0,all paid,18.0
no checking,3595.0,existing paid,36.0
<0,1422.0,existing paid,9.0
no checking,6742.0,critical/other existing credit,30.0
no checking,7814.0,existing paid,24.0
no checking,9277.0,existing paid,24.0
0<=X<200,2181.0,critical/other existing credit,30.0
no checking,1098.0,critical/other existing credit,18.0
0<=X<200,4057.0,existing paid,24.0
<0,795.0,existing paid,12.0
0<=X<200,2825.0,critical/other existing credit,24.0
0<=X<200,15672.0,existing paid,48.0
no checking,6614.0,critical/other existing credit,36.0
no checking,7824.0,all paid,28.0
<0,2442.0,critical/other existing credit,27.0
no checking,1829.0,critical/other existing credit,15.0
<0,2171.0,critical/other existing credit,12.0
0<=X<200,5800.0,critical/other existing credit,36.0
no checking,1169.0,critical/other existing credit,18.0
no checking,8947.0,delayed previously,36.0
<0,2606.0,existing paid,21.0
no checking,1592.0,critical/other existing credit,12.0
no checking,2186.0,existing paid,15.0
<0,4153.0,existing paid,18.0
<0,2625.0,critical/other existing credit,16.0
no checking,3485.0,critical/other existing credit,20.0
no checking,10477.0,critical/other existing credit,36.0
no checking,1386.0,existing paid,15.0
no checking,1278.0,existing paid,24.0
<0,1107.0,existing paid,12.0
<0,3763.0,existing paid,21.0
0<=X<200,3711.0,existing paid,36.0
no checking,3594.0,delayed previously,15.0
0<=X<200,3195.0,existing paid,9.0
no checking,4454.0,delayed previously,36.0
0<=X<200,4736.0,critical/other existing credit,24.0
0<=X<200,2991.0,existing paid,30.0
no checking,2142.0,existing paid,11.0
<0,3161.0,all paid,24.0
0<=X<200,18424.0,no credits/all paid,48.0
no checking,2848.0,existing paid,10.0
<0,14896.0,existing paid,6.0
<0,2359.0,existing paid,24.0
<0,3345.0,existing paid,24.0
no checking,1817.0,critical/other existing credit,18.0
no checking,12749.0,delayed previously,48.0
<0,1366.0,existing paid,9.0
0<=X<200,2002.0,existing paid,12.0
<0,6872.0,all paid,24.0
<0,697.0,all paid,12.0
<0,1049.0,critical/other existing credit,18.0
<0,10297.0,existing paid,48.0
no checking,1867.0,existing paid,30.0
<0,1344.0,delayed previously,12.0
<0,1747.0,existing paid,24.0
0<=X<200,1670.0,existing paid,9.0
no checking,1224.0,critical/other existing credit,9.0
no checking,522.0,critical/other existing credit,12.0
<0,1498.0,existing paid,12.0
0<=X<200,1919.0,delayed previously,30.0
>=200,745.0,existing paid,9.0
0<=X<200,2063.0,existing paid,6.0
0<=X<200,6288.0,existing paid,60.0
no checking,6842.0,critical/other existing credit,24.0
no checking,3527.0,existing paid,12.0
no checking,1546.0,existing paid,10.0
no checking,929.0,existing paid,24.0
no checking,1455.0,critical/other existing credit,4.0
<0,1845.0,existing paid,15.0
0<=X<200,8358.0,no credits/all paid,48.0
<0,3349.0,all paid,24.0
no checking,2859.0,existing paid,12.0
no checking,1533.0,existing paid,18.0
no checking,3621.0,existing paid,24.0
0<=X<200,3590.0,critical/other existing credit,18.0
<0,2145.0,delayed previously,36.0
0<=X<200,4113.0,existing paid,24.0
no checking,10974.0,existing paid,36.0
<0,1893.0,existing paid,12.0
<0,1231.0,critical/other existing credit,24.0
>=200,3656.0,critical/other existing credit,30.0
0<=X<200,1154.0,critical/other existing credit,9.0
<0,4006.0,existing paid,28.0
0<=X<200,3069.0,existing paid,24.0
no checking,1740.0,critical/other existing credit,6.0
0<=X<200,2353.0,delayed previously,21.0
no checking,3556.0,existing paid,15.0
no checking,2397.0,existing paid,24.0
0<=X<200,454.0,existing paid,6.0
0<=X<200,1715.0,existing paid,30.0
0<=X<200,2520.0,critical/other existing credit,27.0
no checking,3568.0,existing paid,15.0
no checking,7166.0,existing paid,42.0
<0,3939.0,critical/other existing credit,11.0
0<=X<200,1514.0,existing paid,15.0
no checking,7393.0,existing paid,24.0
<0,1193.0,all paid,24.0
<0,7297.0,existing paid,60.0
no checking,2831.0,critical/other existing credit,30.0
>=200,1258.0,existing paid,24.0
0<=X<200,753.0,existing paid,6.0
0<=X<200,2427.0,delayed previously,18.0
no checking,2538.0,delayed previously,24.0
0<=X<200,1264.0,all paid,15.0
0<=X<200,8386.0,critical/other existing credit,30.0
no checking,4844.0,existing paid,48.0
>=200,2923.0,existing paid,21.0
<0,8229.0,existing paid,36.0
no checking,2028.0,critical/other existing credit,24.0
<0,1433.0,critical/other existing credit,15.0
>=200,6289.0,no credits/all paid,42.0
no checking,1409.0,existing paid,13.0
<0,6579.0,existing paid,24.0
0<=X<200,1743.0,critical/other existing credit,24.0
no checking,3565.0,critical/other existing credit,12.0
no checking,1569.0,all paid,15.0
<0,1936.0,existing paid,18.0
<0,3959.0,existing paid,36.0
no checking,2390.0,existing paid,12.0
no checking,1736.0,existing paid,12.0
<0,3857.0,existing paid,30.0
no checking,804.0,existing paid,12.0
<0,1845.0,existing paid,45.0
0<=X<200,4576.0,critical/other existing credit,45.0
