credit/table1.age,credit/table1.checking_status,credit/table1.duration,credit/table1.installment_commitment,credit/table1.property_magnitude,credit/table1.purpose,credit/table1.residence_since,credit_amount
63.0,<0,60.0,3.0,no known property,business,4.0,6836.0
33.0,>=200,21.0,2.0,car,education,1.0,2319.0
50.0,no checking,6.0,2.0,life insurance,used car,4.0,1236.0
29.0,no checking,21.0,1.0,life insurance,new car,4.0,5003.0
21.0,no checking,12.0,4.0,car,radio/tv,2.0,886.0
23.0,<0,24.0,4.0,car,new car,4.0,1442.0
32.0,no checking,6.0,1.0,car,furniture/equipment,2.0,2978.0
33.0,<0,24.0,1.0,life insurance,furniture/equipment,1.0,2359.0
20.0,<0,24.0,2.0,car,furniture/equipment,4.0,2996.0
35.0,no checking,18.0,3.0,car,furniture/equipment,2.0,3780.0
48.0,no checking,27.0,4.0,life insurance,repairs,4.0,5190.0
30.0,0<=X<200,36.0,4.0,no known property,radio/tv,1.0,4795.0
46.0,<0,12.0,4.0,car,new car,2.0,697.0
36.0,no checking,18.0,2.0,car,business,2.0,4165.0
22.0,<0,14.0,1.0,no known property,new car,4.0,3973.0
30.0,no checking,18.0,4.0,real estate,education,2.0,1864.0
50.0,>=200,6.0,2.0,life insurance,education,4.0,1047.0
22.0,no checking,18.0,3.0,real estate,radio/tv,4.0,433.0
27.0,0<=X<200,36.0,2.0,car,education,2.0,3711.0
25.0,0<=X<200,9.0,4.0,real estate,radio/tv,4.0,1206.0
33.0,no checking,6.0,4.0,real estate,furniture/equipment,2.0,1543.0
37.0,no checking,4.0,1.0,real estate,new car,1.0,3380.0
57.0,>=200,24.0,3.0,car,radio/tv,3.0,1258.0
28.0,no checking,12.0,4.0,real estate,radio/tv,2.0,2073.0
28.0,<0,21.0,4.0,life insurance,radio/tv,4.0,2606.0
49.0,no checking,12.0,2.0,real estate,education,3.0,2096.0
61.0,no checking,12.0,4.0,real estate,new car,4.0,1255.0
23.0,no checking,9.0,1.0,real estate,domestic appliance,4.0,1236.0
36.0,no checking,24.0,4.0,real estate,radio/tv,1.0,1278.0
75.0,<0,6.0,4.0,life insurance,new car,3.0,1374.0
37.0,>=200,10.0,1.0,life insurance,new car,1.0,3949.0
50.0,no checking,12.0,4.0,car,new car,3.0,2390.0
26.0,0<=X<200,24.0,4.0,life insurance,new car,1.0,1201.0
24.0,no checking,15.0,2.0,car,furniture/equipment,3.0,2788.0
57.0,no checking,12.0,4.0,no known property,business,4.0,1264.0
27.0,<0,24.0,2.0,car,furniture/equipment,2.0,4020.0
51.0,no checking,9.0,2.0,no known property,new car,4.0,2507.0
35.0,no checking,24.0,3.0,car,radio/tv,2.0,2397.0
36.0,0<=X<200,27.0,4.0,car,business,2.0,3915.0
24.0,no checking,48.0,2.0,car,used car,4.0,11590.0
45.0,<0,42.0,2.0,life insurance,furniture/equipment,4.0,7882.0
38.0,no checking,12.0,4.0,real estate,new car,1.0,1495.0
54.0,no checking,24.0,4.0,life insurance,new car,1.0,2255.0
35.0,0<=X<200,9.0,4.0,real estate,new car,2.0,1549.0
24.0,no checking,30.0,2.0,life insurance,used car,4.0,4811.0
35.0,0<=X<200,14.0,1.0,real estate,business,2.0,1410.0
74.0,no checking,5.0,1.0,real estate,business,4.0,3448.0
51.0,0<=X<200,11.0,2.0,life insurance,radio/tv,4.0,4771.0
52.0,<0,10.0,3.0,real estate,radio/tv,4.0,2315.0
26.0,<0,48.0,4.0,life insurance,used car,3.0,4788.0
24.0,no checking,18.0,3.0,life insurance,business,4.0,1568.0
34.0,no checking,15.0,4.0,car,radio/tv,4.0,1569.0
27.0,<0,40.0,4.0,no known property,education,3.0,5998.0
29.0,no checking,18.0,4.0,life insurance,radio/tv,3.0,1169.0
46.0,0<=X<200,12.0,1.0,real estate,new car,1.0,1223.0
28.0,<0,18.0,4.0,car,furniture/equipment,2.0,2659.0
36.0,no checking,6.0,4.0,no known property,radio/tv,4.0,700.0
32.0,no checking,10.0,1.0,real estate,used car,2.0,2848.0
22.0,<0,9.0,3.0,life insurance,radio/tv,4.0,1366.0
35.0,no checking,36.0,2.0,no known property,education,4.0,9055.0
21.0,<0,24.0,2.0,real estate,radio/tv,4.0,1987.0
63.0,<0,24.0,3.0,no known property,used car,4.0,2924.0
34.0,0<=X<200,18.0,4.0,car,business,4.0,2622.0
36.0,no checking,36.0,4.0,real estate,business,4.0,6304.0
26.0,no checking,36.0,4.0,car,radio/tv,2.0,4463.0
37.0,no checking,36.0,3.0,life insurance,business,2.0,7409.0
54.0,no checking,24.0,4.0,car,new car,4.0,717.0
39.0,<0,20.0,4.0,car,furniture/equipment,4.0,2212.0
44.0,<0,18.0,4.0,car,furniture/equipment,3.0,1553.0
38.0,0<=X<200,18.0,3.0,no known property,used car,4.0,12976.0
26.0,no checking,12.0,2.0,no known property,radio/tv,2.0,1934.0
23.0,<0,33.0,1.0,car,furniture/equipment,4.0,4281.0
43.0,<0,16.0,2.0,life insurance,new car,4.0,2625.0
39.0,<0,6.0,3.0,real estate,new car,4.0,666.0
23.0,no checking,24.0,3.0,car,used car,4.0,3488.0
28.0,0<=X<200,30.0,4.0,car,new car,2.0,5234.0
28.0,no checking,6.0,1.0,car,radio/tv,1.0,1382.0
28.0,no checking,36.0,4.0,car,furniture/equipment,2.0,3349.0
47.0,no checking,15.0,4.0,life insurance,radio/tv,3.0,1213.0
23.0,0<=X<200,12.0,4.0,life insurance,new car,2.0,836.0
21.0,<0,12.0,4.0,life insurance,furniture/equipment,1.0,1289.0
22.0,no checking,12.0,2.0,life insurance,furniture/equipment,4.0,1258.0
39.0,<0,30.0,1.0,life insurance,radio/tv,3.0,2522.0
26.0,no checking,12.0,2.0,real estate,business,2.0,1076.0
45.0,no checking,36.0,2.0,real estate,radio/tv,4.0,3835.0
32.0,no checking,18.0,4.0,no known property,radio/tv,2.0,1505.0
23.0,<0,30.0,4.0,real estate,furniture/equipment,4.0,2406.0
61.0,0<=X<200,15.0,3.0,life insurance,repairs,3.0,1512.0
53.0,<0,12.0,4.0,no known property,furniture/equipment,4.0,7865.0
40.0,0<=X<200,18.0,3.0,car,business,3.0,3590.0
30.0,<0,24.0,4.0,no known property,furniture/equipment,4.0,3349.0
51.0,<0,18.0,1.0,life insurance,used car,4.0,7511.0
42.0,<0,36.0,2.0,no known property,used car,4.0,5493.0
34.0,no checking,18.0,4.0,car,business,1.0,1950.0
36.0,>=200,12.0,2.0,car,new car,2.0,2247.0
26.0,no checking,33.0,2.0,car,business,2.0,2764.0
30.0,0<=X<200,30.0,4.0,no known property,radio/tv,3.0,1919.0
20.0,no checking,9.0,1.0,car,furniture/equipment,4.0,1313.0
35.0,0<=X<200,36.0,2.0,car,used car,2.0,6948.0
20.0,<0,12.0,2.0,car,furniture/equipment,4.0,1282.0
60.0,no checking,24.0,4.0,no known property,new car,4.0,2032.0
39.0,no checking,12.0,4.0,car,new car,4.0,1884.0
57.0,<0,30.0,4.0,life insurance,furniture/equipment,4.0,3622.0
47.0,0<=X<200,12.0,2.0,real estate,new car,3.0,958.0
38.0,no checking,36.0,4.0,car,used car,2.0,5711.0
31.0,no checking,24.0,2.0,car,radio/tv,4.0,3621.0
23.0,<0,24.0,3.0,no known property,furniture/equipment,4.0,4110.0
27.0,0<=X<200,12.0,2.0,real estate,radio/tv,1.0,2930.0
23.0,<0,12.0,4.0,car,radio/tv,1.0,1498.0
34.0,no checking,24.0,2.0,car,radio/tv,2.0,2578.0
40.0,<0,24.0,4.0,car,other,3.0,1358.0
32.0,0<=X<200,36.0,3.0,car,education,1.0,2273.0
49.0,0<=X<200,12.0,1.0,real estate,new car,3.0,3124.0
25.0,0<=X<200,12.0,4.0,life insurance,furniture/equipment,3.0,2969.0
55.0,>=200,12.0,3.0,real estate,furniture/equipment,4.0,1424.0
35.0,no checking,24.0,4.0,car,used car,4.0,2670.0
22.0,no checking,9.0,4.0,car,radio/tv,2.0,1478.0
38.0,no checking,18.0,2.0,no known property,used car,4.0,3229.0
59.0,0<=X<200,48.0,4.0,no known property,business,3.0,6416.0
50.0,<0,27.0,2.0,life insurance,business,4.0,5293.0
22.0,0<=X<200,30.0,2.0,life insurance,furniture/equipment,1.0,3832.0
28.0,<0,36.0,3.0,life insurance,furniture/equipment,2.0,5371.0
37.0,>=200,24.0,4.0,real estate,new car,2.0,1344.0
36.0,no checking,42.0,4.0,real estate,furniture/equipment,4.0,4042.0
25.0,<0,18.0,4.0,real estate,radio/tv,1.0,3509.0
36.0,>=200,15.0,2.0,car,used car,2.0,2360.0
25.0,0<=X<200,18.0,1.0,real estate,radio/tv,3.0,3213.0
47.0,0<=X<200,6.0,4.0,life insurance,new car,4.0,1209.0
35.0,<0,6.0,4.0,no known property,education,4.0,1198.0
47.0,no checking,18.0,4.0,no known property,furniture/equipment,4.0,1984.0
41.0,0<=X<200,30.0,4.0,life insurance,business,2.0,2503.0
25.0,no checking,24.0,4.0,car,furniture/equipment,1.0,5511.0
24.0,<0,12.0,4.0,real estate,new car,2.0,1228.0
64.0,no checking,9.0,1.0,real estate,education,4.0,3832.0
67.0,<0,6.0,4.0,real estate,radio/tv,4.0,1169.0
38.0,<0,12.0,2.0,life insurance,furniture/equipment,3.0,708.0
24.0,0<=X<200,48.0,3.0,life insurance,new car,2.0,6560.0
32.0,no checking,24.0,3.0,car,radio/tv,1.0,1552.0
26.0,<0,24.0,4.0,real estate,business,1.0,1382.0
41.0,no checking,12.0,4.0,real estate,used car,4.0,1503.0
25.0,>=200,24.0,4.0,car,radio/tv,2.0,5152.0
43.0,0<=X<200,18.0,4.0,car,new car,4.0,2899.0
34.0,0<=X<200,24.0,3.0,life insurance,furniture/equipment,2.0,2064.0
30.0,<0,12.0,4.0,life insurance,new car,2.0,2121.0
31.0,no checking,9.0,2.0,car,furniture/equipment,3.0,2406.0
20.0,no checking,15.0,2.0,car,new car,3.0,3186.0
34.0,<0,48.0,1.0,real estate,radio/tv,1.0,6999.0
40.0,no checking,15.0,4.0,real estate,radio/tv,2.0,1386.0
56.0,no checking,12.0,4.0,real estate,radio/tv,4.0,618.0
46.0,no checking,24.0,2.0,life insurance,used car,4.0,6842.0
30.0,0<=X<200,36.0,2.0,real estate,business,2.0,4455.0
34.0,<0,30.0,1.0,no known property,repairs,1.0,11998.0
31.0,no checking,36.0,3.0,car,used car,2.0,8947.0
25.0,no checking,36.0,4.0,car,radio/tv,4.0,2394.0
28.0,0<=X<200,36.0,1.0,car,used car,4.0,9398.0
29.0,<0,36.0,4.0,life insurance,education,3.0,6887.0
54.0,no checking,6.0,1.0,real estate,new car,4.0,672.0
25.0,0<=X<200,12.0,1.0,life insurance,furniture/equipment,2.0,2762.0
49.0,no checking,12.0,2.0,life insurance,furniture/equipment,4.0,5801.0
23.0,no checking,21.0,4.0,life insurance,furniture/equipment,4.0,2288.0
34.0,no checking,21.0,4.0,real estate,furniture/equipment,3.0,1591.0
30.0,0<=X<200,18.0,3.0,real estate,new car,3.0,1056.0
38.0,no checking,12.0,4.0,real estate,radio/tv,2.0,1240.0
30.0,no checking,36.0,4.0,car,used car,2.0,11054.0
36.0,no checking,36.0,4.0,life insurance,new car,4.0,909.0
34.0,0<=X<200,7.0,3.0,real estate,radio/tv,2.0,2415.0
52.0,no checking,24.0,4.0,life insurance,radio/tv,4.0,2223.0
29.0,no checking,6.0,2.0,real estate,radio/tv,2.0,2108.0
27.0,0<=X<200,15.0,2.0,car,business,4.0,2326.0
35.0,no checking,15.0,4.0,no known property,radio/tv,4.0,1471.0
31.0,0<=X<200,24.0,4.0,real estate,business,4.0,1935.0
35.0,no checking,15.0,1.0,no known property,new car,4.0,5324.0
27.0,>=200,6.0,2.0,real estate,new car,2.0,709.0
33.0,0<=X<200,8.0,4.0,real estate,radio/tv,2.0,1414.0
53.0,no checking,24.0,3.0,life insurance,furniture/equipment,4.0,2835.0
28.0,<0,13.0,3.0,life insurance,business,1.0,1797.0
39.0,0<=X<200,12.0,3.0,real estate,business,4.0,1037.0
41.0,0<=X<200,42.0,2.0,real estate,business,1.0,5954.0
34.0,no checking,36.0,4.0,real estate,radio/tv,4.0,4454.0
54.0,<0,48.0,3.0,car,domestic appliance,4.0,3051.0
35.0,no checking,12.0,4.0,life insurance,radio/tv,2.0,1291.0
30.0,0<=X<200,48.0,4.0,car,business,2.0,3566.0
27.0,no checking,6.0,1.0,life insurance,furniture/equipment,2.0,1221.0
42.0,no checking,4.0,2.0,real estate,radio/tv,1.0,1544.0
26.0,0<=X<200,12.0,4.0,real estate,radio/tv,1.0,625.0
30.0,0<=X<200,12.0,3.0,life insurance,new car,4.0,2002.0
27.0,<0,24.0,4.0,life insurance,new car,1.0,3123.0
27.0,no checking,15.0,2.0,life insurance,furniture/equipment,3.0,2708.0
37.0,no checking,12.0,2.0,life insurance,education,1.0,3565.0
66.0,>=200,12.0,2.0,no known property,new car,4.0,1480.0
31.0,no checking,15.0,4.0,life insurance,radio/tv,2.0,1360.0
26.0,0<=X<200,12.0,3.0,car,radio/tv,1.0,1158.0
29.0,0<=X<200,12.0,4.0,real estate,radio/tv,3.0,1103.0
30.0,<0,24.0,1.0,life insurance,furniture/equipment,2.0,7721.0
47.0,<0,18.0,4.0,real estate,domestic appliance,3.0,1217.0
52.0,0<=X<200,12.0,2.0,no known property,radio/tv,1.0,6468.0
22.0,0<=X<200,24.0,1.0,life insurance,radio/tv,1.0,2039.0
29.0,0<=X<200,20.0,2.0,car,other,3.0,2629.0
39.0,>=200,15.0,3.0,no known property,radio/tv,4.0,1271.0
38.0,no checking,12.0,4.0,car,radio/tv,4.0,804.0
26.0,no checking,10.0,2.0,car,furniture/equipment,1.0,2069.0
32.0,no checking,48.0,3.0,car,radio/tv,3.0,7238.0
45.0,>=200,18.0,1.0,life insurance,furniture/equipment,1.0,3049.0
28.0,0<=X<200,15.0,2.0,car,new car,4.0,2631.0
21.0,0<=X<200,30.0,2.0,car,furniture/equipment,4.0,3441.0
28.0,no checking,24.0,4.0,car,radio/tv,2.0,2284.0
21.0,<0,18.0,4.0,life insurance,furniture/equipment,4.0,1049.0
28.0,<0,24.0,4.0,life insurance,furniture/equipment,4.0,4169.0
30.0,0<=X<200,27.0,1.0,car,used car,2.0,5965.0
34.0,0<=X<200,15.0,1.0,life insurance,new car,2.0,6850.0
40.0,<0,6.0,2.0,real estate,new car,4.0,1361.0
28.0,no checking,18.0,4.0,no known property,furniture/equipment,2.0,1817.0
60.0,no checking,24.0,4.0,real estate,new car,4.0,1940.0
32.0,no checking,10.0,3.0,real estate,new car,4.0,1231.0
24.0,no checking,6.0,1.0,car,radio/tv,2.0,1554.0
32.0,no checking,18.0,4.0,life insurance,radio/tv,3.0,629.0
33.0,no checking,15.0,4.0,real estate,radio/tv,3.0,1478.0
29.0,<0,45.0,2.0,car,business,4.0,11816.0
43.0,<0,6.0,3.0,life insurance,new car,2.0,1203.0
35.0,0<=X<200,7.0,2.0,real estate,radio/tv,2.0,2576.0
44.0,0<=X<200,24.0,4.0,no known property,used car,2.0,12579.0
63.0,no checking,30.0,1.0,car,used car,4.0,7596.0
30.0,no checking,15.0,3.0,life insurance,furniture/equipment,2.0,960.0
41.0,0<=X<200,48.0,4.0,car,radio/tv,1.0,3979.0
33.0,no checking,24.0,4.0,real estate,repairs,2.0,2058.0
22.0,<0,18.0,1.0,car,furniture/equipment,4.0,3650.0
58.0,<0,24.0,4.0,real estate,other,4.0,1755.0
50.0,0<=X<200,15.0,4.0,real estate,radio/tv,4.0,1537.0
34.0,no checking,12.0,4.0,car,radio/tv,3.0,1493.0
36.0,0<=X<200,48.0,4.0,no known property,new car,4.0,12169.0
35.0,<0,47.0,1.0,real estate,new car,1.0,10722.0
61.0,0<=X<200,18.0,4.0,no known property,education,4.0,1239.0
46.0,no checking,10.0,4.0,no known property,education,4.0,727.0
36.0,<0,11.0,2.0,real estate,new car,2.0,3905.0
32.0,no checking,6.0,1.0,life insurance,furniture/equipment,4.0,4611.0
22.0,0<=X<200,12.0,1.0,car,radio/tv,1.0,1567.0
40.0,<0,21.0,4.0,life insurance,new car,2.0,1647.0
42.0,<0,36.0,4.0,car,furniture/equipment,2.0,3446.0
48.0,no checking,24.0,2.0,no known property,used car,4.0,9277.0
48.0,0<=X<200,48.0,2.0,car,business,2.0,12204.0
32.0,no checking,24.0,4.0,real estate,business,4.0,2978.0
26.0,no checking,24.0,2.0,life insurance,used car,4.0,5433.0
22.0,0<=X<200,15.0,4.0,real estate,repairs,2.0,1514.0
42.0,0<=X<200,36.0,2.0,car,new car,4.0,8086.0
43.0,<0,24.0,4.0,real estate,new car,2.0,1333.0
26.0,no checking,9.0,4.0,real estate,furniture/equipment,2.0,1388.0
19.0,no checking,9.0,2.0,car,furniture/equipment,2.0,1980.0
42.0,<0,12.0,2.0,car,furniture/equipment,1.0,2577.0
27.0,no checking,24.0,4.0,no known property,other,2.0,6314.0
24.0,no checking,6.0,1.0,car,new car,2.0,2080.0
20.0,<0,18.0,1.0,real estate,furniture/equipment,4.0,2039.0
24.0,no checking,15.0,4.0,real estate,domestic appliance,1.0,874.0
31.0,<0,6.0,1.0,car,radio/tv,4.0,1957.0
70.0,0<=X<200,10.0,2.0,no known property,new car,4.0,7308.0
26.0,>=200,24.0,2.0,real estate,furniture/equipment,2.0,1925.0
25.0,0<=X<200,24.0,3.0,car,new car,4.0,1355.0
53.0,<0,12.0,4.0,life insurance,education,4.0,795.0
47.0,>=200,30.0,4.0,life insurance,radio/tv,4.0,3017.0
37.0,<0,48.0,2.0,car,business,4.0,7685.0
42.0,no checking,12.0,4.0,car,business,2.0,2292.0
40.0,<0,36.0,4.0,no known property,education,4.0,1977.0
25.0,no checking,36.0,4.0,real estate,new car,2.0,7855.0
31.0,no checking,18.0,2.0,life insurance,new car,2.0,2775.0
47.0,0<=X<200,21.0,1.0,life insurance,new car,4.0,2353.0
30.0,no checking,18.0,2.0,life insurance,new car,2.0,1820.0
26.0,no checking,12.0,2.0,car,used car,4.0,2445.0
35.0,<0,12.0,3.0,real estate,radio/tv,1.0,1680.0
23.0,<0,18.0,1.0,car,education,2.0,8471.0
30.0,0<=X<200,26.0,2.0,car,used car,3.0,7966.0
35.0,<0,12.0,3.0,no known property,used car,4.0,3386.0
28.0,>=200,12.0,4.0,real estate,new car,2.0,939.0
33.0,no checking,12.0,4.0,life insurance,radio/tv,3.0,797.0
24.0,<0,24.0,4.0,life insurance,furniture/equipment,1.0,1747.0
28.0,<0,12.0,4.0,real estate,repairs,3.0,1108.0
23.0,0<=X<200,13.0,2.0,life insurance,radio/tv,4.0,2101.0
29.0,<0,24.0,4.0,no known property,used car,2.0,6579.0
37.0,no checking,48.0,4.0,car,radio/tv,1.0,12749.0
42.0,no checking,12.0,4.0,life insurance,radio/tv,4.0,522.0
22.0,<0,24.0,4.0,real estate,furniture/equipment,4.0,2828.0
20.0,0<=X<200,24.0,3.0,life insurance,new car,4.0,2718.0
48.0,>=200,10.0,1.0,no known property,new car,4.0,1240.0
54.0,0<=X<200,12.0,4.0,real estate,new car,4.0,1318.0
24.0,<0,48.0,3.0,life insurance,business,4.0,4308.0
55.0,<0,12.0,3.0,no known property,furniture/equipment,4.0,2578.0
26.0,no checking,24.0,4.0,life insurance,radio/tv,3.0,1311.0
24.0,<0,30.0,1.0,car,used car,4.0,6187.0
44.0,0<=X<200,18.0,2.0,real estate,repairs,4.0,6204.0
28.0,0<=X<200,6.0,4.0,car,radio/tv,4.0,1068.0
20.0,0<=X<200,11.0,4.0,real estate,furniture/equipment,1.0,1577.0
40.0,no checking,24.0,4.0,life insurance,furniture/equipment,3.0,1585.0
36.0,<0,18.0,3.0,no known property,radio/tv,4.0,1940.0
36.0,0<=X<200,24.0,1.0,real estate,business,4.0,4241.0
74.0,>=200,6.0,1.0,real estate,new car,1.0,1299.0
41.0,no checking,24.0,4.0,real estate,new car,4.0,1469.0
29.0,no checking,28.0,4.0,car,radio/tv,2.0,2743.0
31.0,no checking,12.0,4.0,car,radio/tv,2.0,1963.0
30.0,0<=X<200,48.0,2.0,car,furniture/equipment,3.0,5096.0
33.0,<0,12.0,4.0,real estate,new car,1.0,2579.0
40.0,no checking,36.0,2.0,car,furniture/equipment,4.0,7678.0
36.0,0<=X<200,30.0,4.0,real estate,new car,4.0,2181.0
56.0,no checking,6.0,1.0,no known property,education,2.0,1538.0
52.0,<0,6.0,4.0,car,radio/tv,4.0,338.0
32.0,0<=X<200,39.0,2.0,no known property,education,3.0,11760.0
25.0,0<=X<200,24.0,2.0,car,furniture/equipment,4.0,4736.0
51.0,>=200,24.0,3.0,no known property,furniture/equipment,4.0,2892.0
30.0,no checking,6.0,2.0,real estate,radio/tv,2.0,1740.0
31.0,0<=X<200,36.0,1.0,life insurance,business,3.0,9857.0
26.0,>=200,12.0,4.0,real estate,new car,1.0,1330.0
49.0,>=200,30.0,4.0,life insurance,radio/tv,4.0,3656.0
23.0,<0,18.0,1.0,car,new car,2.0,976.0
29.0,<0,12.0,4.0,no known property,radio/tv,1.0,2149.0
42.0,<0,48.0,4.0,no known property,new car,4.0,7763.0
44.0,<0,6.0,1.0,real estate,furniture/equipment,4.0,3384.0
32.0,<0,24.0,4.0,car,radio/tv,2.0,1282.0
36.0,no checking,18.0,4.0,real estate,new car,3.0,1028.0
31.0,no checking,24.0,2.0,real estate,new car,2.0,1393.0
30.0,no checking,12.0,4.0,real estate,radio/tv,2.0,707.0
65.0,<0,21.0,4.0,real estate,new car,4.0,571.0
26.0,<0,36.0,2.0,life insurance,used car,2.0,8229.0
48.0,<0,10.0,1.0,real estate,new car,3.0,2241.0
49.0,no checking,12.0,1.0,real estate,radio/tv,4.0,2331.0
34.0,0<=X<200,30.0,4.0,car,furniture/equipment,2.0,3496.0
28.0,no checking,18.0,4.0,car,business,2.0,2169.0
24.0,0<=X<200,24.0,2.0,no known property,education,4.0,5743.0
29.0,0<=X<200,24.0,2.0,car,other,3.0,11328.0
45.0,no checking,6.0,2.0,life insurance,radio/tv,4.0,1750.0
42.0,0<=X<200,24.0,2.0,car,radio/tv,4.0,5084.0
21.0,<0,12.0,4.0,life insurance,retraining,4.0,902.0
28.0,<0,24.0,2.0,car,radio/tv,4.0,3660.0
20.0,>=200,24.0,4.0,no known property,furniture/equipment,4.0,3617.0
27.0,<0,24.0,3.0,car,furniture/equipment,4.0,3552.0
37.0,no checking,36.0,4.0,no known property,education,4.0,1819.0
38.0,no checking,48.0,4.0,real estate,business,2.0,3914.0
37.0,0<=X<200,24.0,4.0,car,new car,2.0,3878.0
47.0,no checking,18.0,4.0,life insurance,furniture/equipment,4.0,3422.0
25.0,<0,9.0,3.0,real estate,furniture/equipment,2.0,2136.0
29.0,0<=X<200,24.0,2.0,no known property,used car,4.0,7758.0
66.0,<0,12.0,4.0,no known property,used car,4.0,1526.0
33.0,0<=X<200,24.0,1.0,car,radio/tv,2.0,6403.0
34.0,<0,36.0,4.0,car,new car,4.0,1842.0
20.0,<0,12.0,4.0,life insurance,radio/tv,1.0,674.0
37.0,no checking,12.0,3.0,car,furniture/equipment,4.0,1402.0
23.0,0<=X<200,6.0,1.0,life insurance,new car,2.0,14555.0
62.0,no checking,24.0,4.0,no known property,new car,4.0,3757.0
27.0,<0,10.0,2.0,real estate,furniture/equipment,3.0,2132.0
42.0,no checking,4.0,2.0,real estate,new car,1.0,1455.0
26.0,>=200,15.0,2.0,life insurance,business,4.0,2687.0
30.0,<0,21.0,4.0,car,new car,3.0,1602.0
42.0,0<=X<200,24.0,4.0,car,new car,4.0,1965.0
40.0,<0,12.0,4.0,real estate,radio/tv,2.0,701.0
30.0,<0,42.0,4.0,car,radio/tv,3.0,7174.0
36.0,no checking,6.0,4.0,life insurance,retraining,4.0,1238.0
44.0,<0,6.0,1.0,real estate,new car,3.0,4716.0
31.0,no checking,36.0,2.0,car,radio/tv,2.0,9566.0
32.0,no checking,27.0,4.0,real estate,furniture/equipment,2.0,4526.0
25.0,0<=X<200,30.0,2.0,car,radio/tv,4.0,2991.0
40.0,0<=X<200,18.0,2.0,real estate,furniture/equipment,4.0,3001.0
45.0,<0,14.0,1.0,life insurance,new car,4.0,8978.0
39.0,no checking,36.0,4.0,car,radio/tv,4.0,2299.0
32.0,0<=X<200,9.0,4.0,no known property,education,3.0,1136.0
34.0,0<=X<200,9.0,2.0,car,education,3.0,1501.0
27.0,0<=X<200,45.0,3.0,car,used car,4.0,4576.0
25.0,>=200,15.0,2.0,real estate,radio/tv,3.0,2327.0
23.0,0<=X<200,24.0,1.0,car,used car,4.0,11560.0
57.0,no checking,12.0,2.0,no known property,education,4.0,2748.0
41.0,no checking,12.0,4.0,car,education,4.0,719.0
26.0,no checking,30.0,4.0,car,radio/tv,4.0,4530.0
44.0,no checking,48.0,2.0,no known property,new car,2.0,10127.0
26.0,<0,21.0,1.0,car,furniture/equipment,4.0,3599.0
23.0,0<=X<200,27.0,4.0,life insurance,radio/tv,2.0,2520.0
46.0,no checking,18.0,4.0,car,radio/tv,4.0,1582.0
27.0,0<=X<200,18.0,4.0,real estate,furniture/equipment,3.0,1924.0
40.0,no checking,22.0,3.0,car,radio/tv,4.0,2675.0
29.0,0<=X<200,24.0,4.0,life insurance,furniture/equipment,2.0,2333.0
28.0,<0,12.0,4.0,life insurance,radio/tv,2.0,6199.0
39.0,<0,48.0,4.0,no known property,used car,4.0,10297.0
27.0,<0,27.0,3.0,car,radio/tv,2.0,3416.0
22.0,0<=X<200,24.0,3.0,car,radio/tv,2.0,3092.0
43.0,no checking,24.0,4.0,real estate,radio/tv,1.0,1516.0
35.0,no checking,15.0,4.0,car,radio/tv,2.0,1979.0
28.0,0<=X<200,30.0,4.0,car,new car,2.0,4249.0
31.0,no checking,24.0,3.0,car,radio/tv,2.0,3430.0
26.0,0<=X<200,15.0,2.0,real estate,new car,1.0,1778.0
39.0,0<=X<200,21.0,2.0,life insurance,business,4.0,1188.0
55.0,0<=X<200,42.0,1.0,no known property,used car,2.0,9283.0
27.0,<0,15.0,4.0,real estate,radio/tv,2.0,1053.0
37.0,0<=X<200,18.0,3.0,life insurance,furniture/equipment,4.0,3612.0
27.0,0<=X<200,21.0,2.0,life insurance,business,3.0,3652.0
37.0,>=200,10.0,2.0,car,domestic appliance,2.0,1225.0
53.0,no checking,30.0,4.0,real estate,used car,1.0,7485.0
25.0,no checking,24.0,4.0,real estate,business,1.0,1258.0
47.0,<0,36.0,3.0,no known property,used car,4.0,8335.0
27.0,no checking,48.0,1.0,real estate,business,1.0,3609.0
55.0,no checking,12.0,4.0,no known property,repairs,4.0,1555.0
29.0,<0,15.0,3.0,life insurance,new car,2.0,3959.0
36.0,0<=X<200,24.0,4.0,car,business,4.0,6967.0
31.0,0<=X<200,48.0,2.0,no known property,other,4.0,7582.0
34.0,0<=X<200,24.0,4.0,no known property,education,4.0,1837.0
31.0,<0,48.0,3.0,car,radio/tv,2.0,6758.0
22.0,<0,24.0,4.0,real estate,furniture/equipment,4.0,2483.0
25.0,<0,30.0,2.0,car,business,3.0,8072.0
30.0,0<=X<200,12.0,4.0,car,repairs,2.0,639.0
34.0,<0,24.0,2.0,no known property,used car,1.0,2910.0
27.0,0<=X<200,60.0,1.0,real estate,radio/tv,1.0,7418.0
37.0,no checking,48.0,4.0,car,radio/tv,3.0,10222.0
22.0,0<=X<200,6.0,3.0,life insurance,repairs,1.0,454.0
54.0,no checking,24.0,2.0,life insurance,business,3.0,4591.0
47.0,no checking,48.0,4.0,real estate,radio/tv,1.0,3578.0
27.0,0<=X<200,60.0,2.0,no known property,radio/tv,2.0,9157.0
74.0,no checking,24.0,3.0,real estate,business,2.0,4526.0
28.0,no checking,36.0,1.0,car,business,1.0,9572.0
42.0,0<=X<200,36.0,4.0,car,radio/tv,1.0,3804.0
35.0,<0,12.0,4.0,life insurance,new car,3.0,691.0
46.0,no checking,21.0,4.0,real estate,used car,4.0,2476.0
66.0,0<=X<200,9.0,4.0,real estate,radio/tv,3.0,790.0
34.0,no checking,60.0,4.0,no known property,new car,4.0,6527.0
25.0,0<=X<200,15.0,2.0,life insurance,new car,2.0,1264.0
23.0,no checking,36.0,2.0,life insurance,furniture/equipment,4.0,7127.0
30.0,no checking,24.0,2.0,life insurance,furniture/equipment,2.0,2028.0
35.0,no checking,11.0,4.0,car,new car,4.0,1393.0
33.0,0<=X<200,9.0,1.0,real estate,new car,2.0,3195.0
45.0,<0,12.0,4.0,car,retraining,1.0,339.0
43.0,no checking,24.0,3.0,life insurance,used car,4.0,4042.0
26.0,no checking,12.0,4.0,real estate,furniture/equipment,1.0,763.0
53.0,no checking,24.0,4.0,life insurance,radio/tv,4.0,2424.0
32.0,no checking,36.0,2.0,no known property,used car,2.0,4686.0
39.0,no checking,11.0,1.0,life insurance,new car,4.0,7228.0
43.0,no checking,24.0,1.0,life insurance,new car,4.0,7393.0
45.0,no checking,12.0,2.0,life insurance,new car,3.0,3527.0
37.0,<0,6.0,4.0,life insurance,new car,3.0,609.0
28.0,0<=X<200,24.0,3.0,car,used car,4.0,4113.0
23.0,0<=X<200,12.0,1.0,real estate,radio/tv,1.0,3573.0
63.0,no checking,15.0,4.0,life insurance,furniture/equipment,4.0,1520.0
31.0,>=200,24.0,3.0,car,radio/tv,2.0,3148.0
28.0,no checking,36.0,4.0,car,radio/tv,2.0,3595.0
27.0,no checking,36.0,4.0,car,repairs,2.0,2613.0
39.0,no checking,6.0,4.0,car,radio/tv,4.0,426.0
29.0,<0,12.0,4.0,life insurance,new car,4.0,1893.0
37.0,no checking,24.0,4.0,real estate,new car,4.0,1287.0
24.0,<0,36.0,2.0,car,business,1.0,2145.0
25.0,<0,18.0,4.0,car,furniture/equipment,1.0,2473.0
22.0,<0,24.0,4.0,no known property,furniture/equipment,1.0,3149.0
37.0,>=200,18.0,4.0,real estate,radio/tv,2.0,2100.0
26.0,0<=X<200,30.0,4.0,car,radio/tv,1.0,1715.0
60.0,0<=X<200,60.0,3.0,no known property,other,4.0,14782.0
35.0,no checking,24.0,3.0,car,used car,3.0,4679.0
54.0,no checking,15.0,4.0,car,radio/tv,2.0,3568.0
33.0,<0,20.0,4.0,life insurance,new car,2.0,2235.0
32.0,0<=X<200,27.0,4.0,life insurance,business,1.0,2528.0
28.0,no checking,21.0,3.0,real estate,used car,2.0,2993.0
21.0,0<=X<200,45.0,4.0,life insurance,radio/tv,4.0,3031.0
45.0,no checking,36.0,2.0,car,new car,2.0,10875.0
25.0,no checking,10.0,2.0,real estate,furniture/equipment,2.0,2210.0
38.0,0<=X<200,24.0,4.0,no known property,radio/tv,4.0,1216.0
40.0,<0,11.0,1.0,real estate,new car,2.0,3939.0
44.0,no checking,24.0,4.0,car,business,2.0,2375.0
27.0,no checking,24.0,4.0,car,retraining,3.0,937.0
29.0,no checking,42.0,2.0,life insurance,radio/tv,4.0,7166.0
36.0,no checking,15.0,4.0,life insurance,domestic appliance,3.0,1262.0
46.0,no checking,15.0,1.0,life insurance,used car,2.0,3594.0
24.0,>=200,36.0,4.0,car,radio/tv,1.0,5848.0
48.0,0<=X<200,18.0,3.0,real estate,radio/tv,4.0,1795.0
30.0,<0,36.0,4.0,life insurance,furniture/equipment,3.0,3959.0
32.0,<0,24.0,4.0,no known property,new car,4.0,1285.0
23.0,>=200,15.0,4.0,life insurance,education,4.0,392.0
27.0,0<=X<200,48.0,1.0,no known property,radio/tv,2.0,10961.0
35.0,no checking,9.0,3.0,car,radio/tv,4.0,2753.0
35.0,0<=X<200,9.0,4.0,car,furniture/equipment,3.0,1919.0
30.0,0<=X<200,12.0,4.0,car,used car,2.0,2028.0
33.0,0<=X<200,18.0,4.0,life insurance,new car,2.0,1042.0
49.0,<0,6.0,2.0,life insurance,furniture/equipment,1.0,428.0
36.0,<0,9.0,2.0,real estate,new car,2.0,2799.0
25.0,0<=X<200,39.0,2.0,real estate,radio/tv,2.0,4933.0
42.0,no checking,60.0,2.0,life insurance,new car,4.0,10366.0
36.0,0<=X<200,12.0,3.0,car,new car,3.0,2366.0
31.0,no checking,18.0,2.0,life insurance,used car,1.0,3378.0
38.0,no checking,10.0,1.0,life insurance,radio/tv,4.0,1924.0
27.0,no checking,14.0,4.0,car,new car,2.0,802.0
30.0,0<=X<200,48.0,1.0,car,new car,1.0,8358.0
26.0,0<=X<200,12.0,4.0,life insurance,domestic appliance,3.0,1424.0
28.0,0<=X<200,30.0,2.0,car,business,1.0,4221.0
50.0,no checking,24.0,4.0,car,business,4.0,1559.0
24.0,<0,12.0,4.0,life insurance,radio/tv,3.0,2214.0
61.0,no checking,12.0,2.0,real estate,radio/tv,4.0,3059.0
65.0,no checking,12.0,4.0,real estate,radio/tv,4.0,930.0
31.0,no checking,48.0,1.0,no known property,education,3.0,6110.0
34.0,no checking,12.0,2.0,life insurance,furniture/equipment,4.0,2759.0
37.0,0<=X<200,12.0,4.0,life insurance,furniture/equipment,2.0,1922.0
35.0,no checking,24.0,2.0,life insurance,furniture/equipment,3.0,4151.0
49.0,<0,10.0,4.0,life insurance,new car,3.0,1038.0
23.0,<0,15.0,1.0,car,new car,4.0,2511.0
38.0,no checking,30.0,3.0,car,radio/tv,2.0,5954.0
22.0,<0,12.0,4.0,car,furniture/equipment,1.0,1858.0
44.0,0<=X<200,8.0,4.0,real estate,radio/tv,2.0,760.0
46.0,no checking,15.0,4.0,car,radio/tv,4.0,1829.0
36.0,<0,18.0,2.0,no known property,new car,4.0,5302.0
22.0,<0,12.0,4.0,life insurance,domestic appliance,3.0,741.0
45.0,no checking,10.0,4.0,life insurance,new car,2.0,1287.0
35.0,<0,24.0,4.0,life insurance,new car,2.0,1381.0
42.0,no checking,6.0,2.0,no known property,radio/tv,4.0,1346.0
50.0,0<=X<200,48.0,4.0,no known property,education,4.0,6224.0
27.0,<0,18.0,4.0,real estate,education,1.0,750.0
40.0,no checking,28.0,3.0,real estate,used car,4.0,7824.0
23.0,no checking,12.0,4.0,real estate,repairs,4.0,996.0
34.0,0<=X<200,24.0,4.0,no known property,business,3.0,2825.0
35.0,no checking,10.0,3.0,real estate,new car,2.0,1418.0
51.0,no checking,12.0,4.0,car,new car,3.0,682.0
39.0,<0,6.0,1.0,no known property,new car,4.0,860.0
34.0,>=200,9.0,4.0,car,radio/tv,2.0,1337.0
22.0,0<=X<200,9.0,4.0,car,radio/tv,2.0,1670.0
26.0,0<=X<200,30.0,4.0,car,business,4.0,4280.0
41.0,0<=X<200,18.0,2.0,no known property,furniture/equipment,1.0,6361.0
34.0,no checking,6.0,1.0,real estate,business,2.0,1743.0
38.0,0<=X<200,12.0,4.0,life insurance,retraining,4.0,754.0
39.0,<0,8.0,1.0,real estate,new car,4.0,3398.0
74.0,0<=X<200,9.0,2.0,no known property,used car,4.0,5129.0
63.0,>=200,10.0,4.0,no known property,new car,4.0,781.0
32.0,<0,18.0,4.0,no known property,new car,4.0,1442.0
33.0,no checking,18.0,4.0,real estate,radio/tv,1.0,2051.0
22.0,<0,18.0,2.0,car,furniture/equipment,2.0,2462.0
45.0,<0,28.0,3.0,car,new car,2.0,4006.0
27.0,0<=X<200,12.0,4.0,car,furniture/equipment,4.0,951.0
45.0,no checking,15.0,4.0,no known property,used car,4.0,1300.0
29.0,no checking,24.0,4.0,car,radio/tv,4.0,1901.0
56.0,>=200,42.0,4.0,no known property,used car,4.0,4796.0
39.0,no checking,18.0,3.0,real estate,radio/tv,4.0,1473.0
24.0,no checking,12.0,3.0,real estate,furniture/equipment,2.0,1768.0
50.0,no checking,24.0,4.0,real estate,furniture/equipment,4.0,3777.0
26.0,no checking,27.0,3.0,car,business,4.0,5117.0
65.0,<0,42.0,4.0,car,repairs,4.0,3394.0
52.0,no checking,12.0,4.0,real estate,radio/tv,4.0,717.0
35.0,no checking,36.0,2.0,life insurance,used car,2.0,5842.0
30.0,no checking,9.0,3.0,real estate,new car,1.0,1224.0
40.0,0<=X<200,12.0,3.0,real estate,radio/tv,3.0,1155.0
24.0,<0,21.0,2.0,real estate,new car,2.0,3763.0
48.0,<0,12.0,4.0,car,new car,4.0,1082.0
23.0,0<=X<200,48.0,2.0,car,business,2.0,15672.0
29.0,<0,12.0,3.0,real estate,new car,2.0,3499.0
21.0,no checking,60.0,2.0,car,radio/tv,4.0,15653.0
27.0,no checking,24.0,2.0,car,business,2.0,8648.0
60.0,0<=X<200,20.0,1.0,real estate,used car,4.0,6468.0
26.0,<0,24.0,2.0,real estate,used car,4.0,2812.0
29.0,0<=X<200,36.0,3.0,no known property,domestic appliance,2.0,3990.0
28.0,no checking,11.0,1.0,real estate,business,2.0,2142.0
64.0,no checking,10.0,2.0,car,new car,4.0,1364.0
38.0,0<=X<200,15.0,4.0,car,repairs,4.0,1308.0
32.0,0<=X<200,48.0,1.0,life insurance,other,2.0,18424.0
23.0,0<=X<200,12.0,2.0,real estate,business,4.0,841.0
26.0,0<=X<200,6.0,3.0,real estate,radio/tv,3.0,590.0
39.0,<0,24.0,4.0,life insurance,furniture/equipment,2.0,3345.0
65.0,<0,18.0,4.0,no known property,radio/tv,4.0,2600.0
29.0,<0,12.0,2.0,life insurance,furniture/equipment,2.0,3590.0
59.0,no checking,15.0,1.0,car,new car,4.0,5045.0
21.0,no checking,18.0,4.0,real estate,radio/tv,2.0,1126.0
29.0,<0,24.0,1.0,no known property,new car,4.0,1193.0
45.0,no checking,39.0,4.0,car,used car,2.0,8588.0
38.0,no checking,24.0,4.0,car,radio/tv,3.0,1533.0
26.0,<0,18.0,4.0,real estate,radio/tv,3.0,1345.0
30.0,<0,12.0,2.0,life insurance,furniture/equipment,3.0,1620.0
29.0,0<=X<200,36.0,4.0,no known property,furniture/equipment,1.0,9034.0
28.0,0<=X<200,18.0,3.0,real estate,new car,3.0,6260.0
25.0,0<=X<200,15.0,3.0,real estate,repairs,2.0,2631.0
35.0,no checking,12.0,3.0,no known property,radio/tv,1.0,2141.0
24.0,<0,12.0,4.0,life insurance,furniture/equipment,4.0,652.0
50.0,0<=X<200,36.0,4.0,no known property,radio/tv,4.0,2671.0
31.0,no checking,36.0,2.0,car,business,2.0,5742.0
63.0,no checking,60.0,2.0,no known property,new car,4.0,13756.0
33.0,no checking,48.0,3.0,car,business,2.0,4844.0
23.0,no checking,18.0,4.0,real estate,repairs,4.0,1943.0
25.0,0<=X<200,18.0,4.0,real estate,radio/tv,2.0,866.0
35.0,0<=X<200,18.0,4.0,life insurance,business,2.0,1941.0
33.0,no checking,24.0,4.0,car,furniture/equipment,4.0,5150.0
48.0,0<=X<200,24.0,1.0,life insurance,furniture/equipment,4.0,4351.0
38.0,>=200,24.0,4.0,no known property,new car,3.0,947.0
20.0,0<=X<200,24.0,4.0,car,radio/tv,4.0,1967.0
33.0,no checking,15.0,1.0,real estate,furniture/equipment,4.0,2186.0
37.0,0<=X<200,9.0,2.0,real estate,radio/tv,2.0,2118.0
28.0,no checking,12.0,4.0,real estate,radio/tv,2.0,776.0
23.0,no checking,15.0,1.0,car,used car,4.0,3812.0
30.0,<0,39.0,4.0,life insurance,furniture/equipment,4.0,14179.0
29.0,0<=X<200,9.0,2.0,no known property,new car,3.0,1437.0
23.0,0<=X<200,15.0,4.0,life insurance,radio/tv,1.0,1444.0
49.0,>=200,18.0,4.0,car,radio/tv,4.0,1445.0
34.0,no checking,18.0,2.0,real estate,radio/tv,3.0,2320.0
26.0,no checking,30.0,2.0,life insurance,business,2.0,4272.0
30.0,no checking,15.0,3.0,car,used car,2.0,4657.0
26.0,no checking,36.0,4.0,car,furniture/equipment,2.0,10974.0
46.0,<0,48.0,4.0,no known property,new car,4.0,3931.0
28.0,<0,9.0,4.0,car,new car,3.0,654.0
23.0,0<=X<200,24.0,1.0,no known property,radio/tv,4.0,3758.0
27.0,no checking,10.0,4.0,life insurance,new car,4.0,1309.0
26.0,<0,42.0,3.0,life insurance,radio/tv,2.0,4370.0
64.0,no checking,13.0,2.0,real estate,radio/tv,4.0,1409.0
58.0,no checking,30.0,4.0,car,radio/tv,4.0,1867.0
20.0,<0,12.0,2.0,real estate,radio/tv,2.0,1107.0
49.0,no checking,12.0,4.0,real estate,new car,2.0,640.0
33.0,no checking,24.0,4.0,real estate,new car,3.0,1474.0
35.0,no checking,12.0,4.0,car,radio/tv,4.0,976.0
27.0,no checking,36.0,4.0,car,business,4.0,7980.0
68.0,no checking,18.0,2.0,car,new car,4.0,6761.0
28.0,0<=X<200,18.0,3.0,car,new car,3.0,2278.0
37.0,0<=X<200,9.0,2.0,real estate,radio/tv,4.0,1154.0
33.0,no checking,24.0,3.0,car,education,2.0,1927.0
22.0,no checking,9.0,2.0,life insurance,furniture/equipment,4.0,2301.0
29.0,no checking,12.0,4.0,real estate,business,2.0,1412.0
24.0,<0,48.0,3.0,no known property,used car,4.0,4605.0
24.0,no checking,18.0,4.0,car,radio/tv,2.0,1800.0
34.0,no checking,6.0,1.0,real estate,radio/tv,2.0,1898.0
26.0,0<=X<200,18.0,4.0,real estate,radio/tv,4.0,1113.0
25.0,0<=X<200,45.0,4.0,life insurance,radio/tv,2.0,4746.0
23.0,0<=X<200,12.0,1.0,real estate,radio/tv,1.0,1534.0
33.0,<0,15.0,4.0,car,new car,3.0,950.0
35.0,no checking,24.0,4.0,car,used car,3.0,2346.0
43.0,<0,27.0,4.0,car,business,4.0,2442.0
28.0,no checking,15.0,4.0,no known property,furniture/equipment,2.0,3343.0
28.0,no checking,24.0,4.0,real estate,new car,2.0,1249.0
46.0,<0,15.0,4.0,life insurance,furniture/equipment,1.0,1845.0
28.0,no checking,24.0,2.0,car,used car,4.0,2603.0
58.0,0<=X<200,54.0,3.0,no known property,business,4.0,15945.0
37.0,0<=X<200,36.0,1.0,no known property,new car,4.0,12389.0
29.0,<0,24.0,4.0,car,new car,2.0,915.0
41.0,no checking,21.0,4.0,life insurance,radio/tv,3.0,3160.0
27.0,0<=X<200,9.0,4.0,car,radio/tv,4.0,1082.0
25.0,<0,15.0,2.0,life insurance,furniture/equipment,3.0,975.0
37.0,<0,36.0,1.0,life insurance,furniture/equipment,2.0,3620.0
27.0,0<=X<200,12.0,4.0,car,new car,1.0,1995.0
34.0,no checking,36.0,4.0,car,new car,4.0,6614.0
43.0,no checking,12.0,4.0,real estate,furniture/equipment,4.0,1935.0
39.0,<0,36.0,2.0,no known property,new car,4.0,3249.0
32.0,no checking,24.0,4.0,no known property,furniture/equipment,3.0,3062.0
46.0,<0,36.0,3.0,life insurance,furniture/equipment,2.0,2348.0
31.0,<0,30.0,2.0,life insurance,furniture/equipment,4.0,3108.0
59.0,<0,9.0,3.0,real estate,radio/tv,4.0,1364.0
23.0,>=200,36.0,2.0,real estate,radio/tv,2.0,3913.0
53.0,<0,24.0,3.0,no known property,new car,4.0,4870.0
28.0,0<=X<200,12.0,1.0,car,furniture/equipment,4.0,3617.0
40.0,no checking,15.0,3.0,life insurance,education,2.0,4623.0
43.0,<0,12.0,4.0,real estate,new car,2.0,1344.0
29.0,<0,21.0,4.0,car,radio/tv,2.0,3357.0
45.0,no checking,6.0,1.0,no known property,new car,3.0,6761.0
37.0,no checking,24.0,4.0,car,new car,4.0,2022.0
41.0,no checking,6.0,2.0,real estate,new car,2.0,250.0
47.0,no checking,24.0,3.0,no known property,radio/tv,3.0,5103.0
36.0,0<=X<200,36.0,4.0,real estate,radio/tv,4.0,2337.0
24.0,0<=X<200,12.0,1.0,real estate,new car,2.0,7472.0
25.0,<0,18.0,4.0,car,radio/tv,4.0,1882.0
22.0,<0,15.0,4.0,life insurance,business,4.0,806.0
43.0,no checking,24.0,4.0,car,used car,4.0,2197.0
49.0,>=200,9.0,2.0,real estate,radio/tv,4.0,1126.0
23.0,<0,6.0,1.0,life insurance,used car,2.0,1352.0
30.0,0<=X<200,18.0,2.0,car,new car,2.0,5866.0
67.0,0<=X<200,18.0,2.0,car,repairs,4.0,3872.0
46.0,no checking,24.0,4.0,real estate,radio/tv,3.0,2611.0
52.0,no checking,9.0,4.0,car,education,2.0,936.0
21.0,no checking,60.0,2.0,real estate,radio/tv,4.0,10144.0
42.0,>=200,12.0,3.0,real estate,radio/tv,3.0,409.0
38.0,no checking,24.0,3.0,car,used car,3.0,7814.0
26.0,>=200,36.0,4.0,car,radio/tv,2.0,4210.0
26.0,no checking,6.0,2.0,life insurance,new car,3.0,3518.0
36.0,no checking,21.0,1.0,car,used car,4.0,3275.0
57.0,0<=X<200,36.0,4.0,no known property,new car,2.0,14318.0
49.0,0<=X<200,12.0,4.0,real estate,radio/tv,4.0,1092.0
31.0,no checking,21.0,1.0,car,new car,2.0,2782.0
41.0,no checking,21.0,4.0,real estate,business,2.0,2580.0
19.0,0<=X<200,12.0,1.0,real estate,furniture/equipment,4.0,983.0
36.0,no checking,21.0,4.0,real estate,business,4.0,1572.0
32.0,0<=X<200,18.0,4.0,real estate,radio/tv,2.0,1301.0
35.0,0<=X<200,15.0,4.0,real estate,radio/tv,2.0,2728.0
61.0,0<=X<200,36.0,4.0,no known property,business,4.0,1953.0
23.0,<0,6.0,4.0,life insurance,education,4.0,448.0
26.0,no checking,12.0,2.0,life insurance,new car,2.0,1386.0
34.0,0<=X<200,12.0,4.0,car,used car,2.0,1860.0
64.0,0<=X<200,6.0,2.0,real estate,radio/tv,3.0,753.0
44.0,no checking,24.0,3.0,no known property,repairs,4.0,5507.0
63.0,<0,24.0,4.0,life insurance,used car,4.0,2957.0
29.0,no checking,15.0,3.0,no known property,new car,2.0,3556.0
26.0,no checking,24.0,4.0,life insurance,radio/tv,4.0,3181.0
24.0,<0,36.0,4.0,car,used car,4.0,9629.0
28.0,<0,15.0,2.0,car,new car,4.0,1403.0
48.0,<0,9.0,3.0,real estate,repairs,4.0,1288.0
30.0,no checking,30.0,4.0,car,radio/tv,2.0,2333.0
27.0,no checking,6.0,1.0,life insurance,radio/tv,1.0,1237.0
52.0,no checking,6.0,4.0,car,new car,4.0,362.0
68.0,0<=X<200,16.0,2.0,car,new car,3.0,1175.0
30.0,no checking,21.0,4.0,no known property,new car,4.0,12680.0
31.0,<0,18.0,3.0,life insurance,business,1.0,3104.0
41.0,no checking,24.0,3.0,car,used car,4.0,6313.0
25.0,no checking,12.0,3.0,car,radio/tv,2.0,1262.0
27.0,<0,9.0,3.0,no known property,new car,2.0,1422.0
24.0,<0,15.0,4.0,car,domestic appliance,2.0,1275.0
26.0,no checking,21.0,1.0,car,used car,3.0,5248.0
31.0,0<=X<200,20.0,3.0,car,used car,4.0,6148.0
21.0,no checking,27.0,3.0,real estate,new car,3.0,2570.0
26.0,0<=X<200,48.0,1.0,car,furniture/equipment,2.0,9960.0
46.0,<0,48.0,4.0,no known property,used car,4.0,6331.0
46.0,>=200,12.0,1.0,car,furniture/equipment,2.0,2251.0
47.0,no checking,15.0,2.0,life insurance,radio/tv,2.0,1316.0
36.0,<0,15.0,2.0,real estate,new car,3.0,1721.0
29.0,no checking,24.0,4.0,no known property,used car,1.0,2679.0
40.0,<0,30.0,4.0,life insurance,used car,4.0,3857.0
54.0,0<=X<200,36.0,2.0,life insurance,new car,2.0,7432.0
35.0,<0,24.0,4.0,real estate,radio/tv,4.0,2439.0
25.0,no checking,24.0,4.0,car,radio/tv,2.0,999.0
27.0,<0,12.0,4.0,real estate,new car,3.0,1168.0
30.0,no checking,18.0,4.0,life insurance,new car,1.0,1055.0
22.0,0<=X<200,12.0,2.0,car,radio/tv,1.0,1331.0
36.0,>=200,24.0,2.0,real estate,business,4.0,1275.0
28.0,0<=X<200,18.0,4.0,real estate,business,4.0,1887.0
47.0,>=200,24.0,4.0,no known property,radio/tv,2.0,1377.0
24.0,no checking,39.0,4.0,car,used car,4.0,2569.0
24.0,>=200,12.0,3.0,car,radio/tv,1.0,3016.0
25.0,<0,36.0,3.0,no known property,education,2.0,8065.0
39.0,0<=X<200,24.0,2.0,car,other,3.0,11938.0
23.0,0<=X<200,24.0,3.0,life insurance,radio/tv,2.0,1553.0
27.0,no checking,9.0,3.0,car,business,2.0,1449.0
22.0,0<=X<200,48.0,2.0,real estate,radio/tv,2.0,5951.0
30.0,0<=X<200,6.0,4.0,car,radio/tv,3.0,2063.0
28.0,>=200,21.0,1.0,car,new car,1.0,2923.0
24.0,<0,24.0,4.0,car,radio/tv,4.0,1546.0
44.0,no checking,24.0,1.0,car,radio/tv,1.0,5943.0
38.0,<0,30.0,3.0,no known property,used car,4.0,10623.0
33.0,>=200,12.0,4.0,life insurance,furniture/equipment,1.0,1474.0
25.0,<0,24.0,4.0,real estate,new car,4.0,1371.0
28.0,no checking,24.0,4.0,life insurance,radio/tv,2.0,1413.0
46.0,no checking,18.0,4.0,real estate,radio/tv,3.0,1149.0
31.0,<0,24.0,2.0,life insurance,new car,3.0,4817.0
27.0,no checking,18.0,3.0,car,used car,1.0,3850.0
54.0,<0,12.0,4.0,real estate,used car,3.0,1409.0
31.0,0<=X<200,10.0,4.0,car,furniture/equipment,2.0,1521.0
35.0,no checking,12.0,3.0,life insurance,furniture/equipment,2.0,1592.0
37.0,0<=X<200,24.0,4.0,life insurance,business,2.0,4712.0
43.0,no checking,15.0,4.0,car,radio/tv,2.0,1459.0
37.0,no checking,36.0,4.0,car,new car,4.0,3535.0
51.0,no checking,6.0,3.0,life insurance,radio/tv,2.0,1595.0
60.0,<0,24.0,4.0,car,new car,4.0,1199.0
31.0,<0,36.0,4.0,car,furniture/equipment,4.0,2746.0
45.0,0<=X<200,7.0,1.0,real estate,radio/tv,1.0,2329.0
40.0,0<=X<200,18.0,4.0,life insurance,furniture/equipment,4.0,7374.0
28.0,0<=X<200,48.0,4.0,real estate,radio/tv,4.0,3060.0
33.0,<0,18.0,4.0,car,furniture/equipment,2.0,1131.0
29.0,<0,36.0,4.0,life insurance,furniture/equipment,2.0,5179.0
23.0,<0,18.0,2.0,car,radio/tv,4.0,1936.0
32.0,<0,30.0,2.0,real estate,furniture/equipment,2.0,4583.0
43.0,<0,36.0,2.0,car,other,3.0,15857.0
44.0,no checking,12.0,4.0,real estate,new car,4.0,1163.0
49.0,0<=X<200,30.0,2.0,life insurance,furniture/equipment,2.0,8386.0
24.0,<0,24.0,4.0,life insurance,new car,4.0,1207.0
23.0,<0,18.0,4.0,car,new car,3.0,1216.0
27.0,no checking,12.0,3.0,real estate,business,2.0,1185.0
36.0,<0,12.0,2.0,car,new car,3.0,1372.0
40.0,0<=X<200,11.0,4.0,car,new car,4.0,1322.0
29.0,>=200,6.0,2.0,life insurance,radio/tv,1.0,683.0
27.0,>=200,10.0,4.0,life insurance,radio/tv,2.0,1347.0
33.0,0<=X<200,18.0,1.0,car,furniture/equipment,4.0,3244.0
31.0,0<=X<200,12.0,2.0,real estate,retraining,2.0,1410.0
40.0,>=200,15.0,4.0,car,education,4.0,1905.0
26.0,<0,18.0,1.0,life insurance,furniture/equipment,4.0,3114.0
37.0,no checking,12.0,4.0,no known property,radio/tv,4.0,2279.0
26.0,<0,12.0,4.0,real estate,new car,2.0,759.0
23.0,>=200,18.0,3.0,car,new car,2.0,1961.0
33.0,0<=X<200,18.0,4.0,car,radio/tv,2.0,1245.0
49.0,<0,24.0,4.0,no known property,used car,4.0,2964.0
40.0,no checking,10.0,4.0,life insurance,retraining,3.0,894.0
37.0,<0,12.0,3.0,real estate,new car,1.0,1274.0
24.0,0<=X<200,30.0,4.0,no known property,new car,2.0,2150.0
44.0,<0,6.0,2.0,real estate,radio/tv,3.0,2647.0
25.0,0<=X<200,12.0,2.0,car,new car,3.0,685.0
32.0,no checking,18.0,3.0,car,radio/tv,2.0,4594.0
36.0,no checking,24.0,3.0,real estate,radio/tv,4.0,2872.0
26.0,no checking,18.0,2.0,car,radio/tv,2.0,2404.0
57.0,<0,24.0,4.0,life insurance,radio/tv,4.0,1231.0
34.0,0<=X<200,48.0,4.0,no known property,business,4.0,3844.0
25.0,no checking,18.0,2.0,car,radio/tv,1.0,2238.0
24.0,<0,36.0,2.0,car,new car,1.0,9271.0
40.0,no checking,10.0,3.0,no known property,new car,2.0,1597.0
42.0,0<=X<200,27.0,2.0,no known property,business,4.0,8318.0
33.0,0<=X<200,18.0,1.0,real estate,business,1.0,4439.0
63.0,no checking,12.0,2.0,real estate,radio/tv,4.0,1655.0
24.0,0<=X<200,8.0,3.0,real estate,furniture/equipment,4.0,1237.0
23.0,<0,12.0,4.0,car,new car,2.0,900.0
24.0,0<=X<200,48.0,1.0,car,new car,2.0,8487.0
35.0,0<=X<200,6.0,4.0,life insurance,furniture/equipment,1.0,1050.0
46.0,>=200,6.0,1.0,real estate,new car,4.0,1343.0
36.0,0<=X<200,20.0,3.0,life insurance,used car,4.0,7057.0
23.0,no checking,10.0,1.0,real estate,furniture/equipment,3.0,2146.0
47.0,0<=X<200,36.0,1.0,no known property,education,4.0,12612.0
27.0,<0,6.0,4.0,real estate,domestic appliance,1.0,343.0
75.0,<0,24.0,2.0,no known property,used car,4.0,6615.0
51.0,no checking,36.0,4.0,car,radio/tv,2.0,3342.0
29.0,<0,24.0,4.0,car,radio/tv,2.0,1659.0
41.0,no checking,24.0,4.0,car,used car,2.0,3868.0
22.0,no checking,18.0,4.0,real estate,furniture/equipment,1.0,1808.0
48.0,no checking,9.0,4.0,car,new car,4.0,2134.0
29.0,no checking,12.0,4.0,car,furniture/equipment,4.0,1123.0
46.0,no checking,7.0,4.0,life insurance,radio/tv,2.0,730.0
39.0,no checking,18.0,2.0,no known property,new car,4.0,6458.0
32.0,no checking,18.0,4.0,life insurance,new car,3.0,2662.0
27.0,no checking,24.0,4.0,real estate,used car,2.0,5804.0
25.0,0<=X<200,12.0,2.0,real estate,radio/tv,1.0,1484.0
24.0,no checking,6.0,3.0,real estate,radio/tv,2.0,932.0
